CellId,AltFreq,AltPos,SepBF,Pval1,Pval2,PrMix,PrAve,PrOut,PrSing,WinModels,WinPr,MlpxRate,PrState1,Switch12,Switch21,ProbMlpx,PvalSep,PrBinSep,MinSampSize,Pswitch0_10,Pswitch10_20,Pswitch20_30,Pswitch30_40,Pswitch40_50,Pswitch50_60,Pswitch60_70,Pswitch70_80,Pswitch80_90,Pswitch90_100,Rule_5_5_5,PairId
YKIC110411Loc_DoubleSound,1100,-6,222.8641,0.6002,0.1608,1,4.98E-31,6.67E-52,1.82E-41,Mixture,1,0.4,0.72,0.36,0.59,0.24,0,0,21,7,2,2,1,0,1,0,0,3,3,TRUE,NA
YKIC110411Loc_DoubleSound,903,-6,112.3492,0.6254,0.1577,1,1.55E-23,1.01E-40,6.32E-32,Mixture,1,0.48,0.6,0.27,0.52,0.46,0,0,19,2,3,3,3,2,4,2,0,4,2,TRUE,NA
YKIC080311Loc_DoubleSound,1100,24,64.284,0.2013,0.1463,1,8.04E-14,3.30E-14,1.26E-12,Mixture,1,0.17,0.8,0.26,0.35,0.08,0,0,9,3,11,0,0,0,0,0,0,0,0,TRUE,NA
YKIC102811_1Loc_DoubleSound,500,6,4.5706,0.1172,0.132,1,2.34E-13,1.76E-15,2.44E-12,Mixture,1,0.21,0.85,0.2,0.33,0.13,0.05,0.18,7,1,13,4,2,0,0,0,0,0,0,TRUE,NA
YKIC140501Loc_DoubleSound,500,24,42.6972,0.1552,0.1171,0.999999999,5.60E-10,5.97E-14,1.68E-11,Mixture,0.999999999,0.44,0.68,0.21,0.22,0.39,0,0,8,1,0,3,1,1,1,2,1,0,0,TRUE,2
YKIC140501Loc_DoubleSound,500,6,23.0292,0.1994,0.449,0.999999947,3.56E-08,2.96E-11,1.69E-08,Mixture,0.999999947,0.29,0.53,0.29,0.31,0.16,0,0,10,1,3,3,1,2,1,0,0,0,0,TRUE,2
YKIC140501Loc_DoubleSound,500,24,43.2493,0.1532,0.226,0.999999933,5.82E-08,5.65E-10,8.59E-09,Mixture,0.999999933,0.24,0.34,0.35,0.32,0.1,0,0,8,2,4,2,1,1,0,0,0,0,0,TRUE,1
YKIC140501Loc_DoubleSound,1632,24,9.7524,0.306,0.1177,0.999999774,1.61E-07,3.89E-09,6.11E-08,Mixture,0.999999774,0.34,0.38,0.3,0.29,0.24,0,0,11,0,3,3,3,4,0,0,0,0,0,TRUE,2
YKIC140124Loc_DoubleSound,500,24,22.8664,0.4465,0.2615,0.999999594,4.03E-07,2.01E-10,3.02E-09,Mixture,0.999999594,0.82,0.22,0.47,0.33,0.97,0,0,10,0,0,0,0,1,0,2,5,10,11,TRUE,2
YKIC072611Loc_DoubleSound,500,-6,5.2763,0.2393,0.4316,0.999999293,1.93E-07,3.76E-11,5.13E-07,Mixture,0.999999293,0.24,0.58,0.29,0.33,0.12,0.03,0.12,5,1,3,1,0,0,0,0,0,0,0,TRUE,NA
YKIC072611Loc_DoubleSound,609,-6,18.8861,0.2995,0.4236,0.99999928,5.02E-07,2.95E-09,2.16E-07,Mixture,0.99999928,0.34,0.63,0.34,0.38,0.23,0,0,5,1,2,2,0,0,1,1,0,0,0,TRUE,NA
YKIC110211Loc_DoubleSound,1100,-24,8.1737,0.1362,0.1256,0.999997358,2.09E-06,2.38E-08,5.25E-07,Mixture,0.999997358,0.18,0.36,0.31,0.25,0.05,0.02,0.03,10,3,8,0,0,0,0,0,0,0,0,TRUE,NA
YKIC111011Loc_DoubleSound,1100,-6,34.6761,0.4382,0.394,0.999996869,2.51E-06,4.25E-11,6.24E-07,Mixture,0.999996869,0.26,0.59,0.33,0.41,0.11,0,0,5,3,3,1,0,2,0,0,0,0,0,TRUE,NA
YKIC092311_1Loc_DoubleSound,609,24,112.0442,0.5168,0.5021,3.21E-06,0.999996346,2.53E-10,4.49E-07,Average,0.999996346,0.8,0.29,0.47,0.26,0.96,0,0,7,0,0,0,0,0,0,2,0,1,4,TRUE,NA
YKIC110911Loc_DoubleSound,500,-6,56.5435,0.4268,0.5858,0.999991983,3.21E-06,2.96E-08,4.78E-06,Mixture,0.999991983,0.29,0.87,0.17,0.34,0.21,0,0,8,0,2,12,0,3,0,0,0,0,0,TRUE,NA
YKIC140501Loc_DoubleSound,1632,6,3.8098,0.2183,0.454,0.999990807,4.10E-07,4.77E-08,8.74E-06,Mixture,0.999990807,0.37,0.28,0.33,0.23,0.29,0.01,0,6,0,3,3,3,5,3,0,0,0,0,TRUE,2
YKIC072811Loc_DoubleSound,903,24,3.3144,0.1292,0.456,2.35E-06,2.06E-09,0.999989894,7.76E-06,Outside,0.999989894,0.43,0.9,0.16,0.39,0.42,0,0.01,10,0,0,0,7,5,1,0,0,0,0,TRUE,NA
YKIC090211_1Loc_DoubleSound,609,6,105.1162,0.3155,0.1167,0.999973912,2.61E-05,4.16E-16,2.15E-10,Mixture,0.999973912,0.35,0.23,0.44,0.47,0.15,0,0,14,10,2,1,3,1,2,2,2,3,0,TRUE,NA
YKIC140220Loc_DoubleSound,500,6,14.187,0.3643,0.266,0.999952872,2.40E-05,8.99E-10,2.32E-05,Mixture,0.999952872,0.33,0.59,0.28,0.35,0.24,0,0,22,0,2,7,8,3,0,0,0,0,0,TRUE,1
YKIC090111_1Loc_DoubleSound,1100,-6,176.31,0.1543,0.1752,1.91E-05,0.999950544,2.14E-07,3.01E-05,Average,0.999950544,0.48,0.88,0.25,0.52,0.43,0,0,9,0,0,4,4,0,0,2,2,0,1,TRUE,NA
YKIC140221Loc_DoubleSound,1100,-6,54.0693,0.2926,0.8532,0.99994971,5.03E-05,1.61E-11,1.99E-09,Mixture,0.99994971,0.51,0.59,0.48,0.48,0.51,0,0,37,0,0,3,11,10,16,11,5,0,0,TRUE,1
YKIC140605Loc_DoubleSound,500,6,14.9083,0.3277,0.1282,0.999908475,6.30E-05,2.32E-07,2.83E-05,Mixture,0.999908475,0.29,0.32,0.37,0.27,0.19,0,0,7,1,0,4,0,0,0,0,0,0,0,TRUE,1
PSIC111010Loc_DoubleSound,609,24,8.285,0.4966,0.7323,0.999889755,4.05E-05,5.62E-06,6.41E-05,Mixture,0.999889755,0.24,0.32,0.36,0.28,0.12,0.02,0.07,6,1,5,2,2,0,0,0,0,0,0,TRUE,NA
YKIC090211_1Loc_DoubleSound,500,24,45.97,0.379,0.2341,0.999816657,6.52E-05,3.26E-08,0.000118099,Mixture,0.999816657,0.46,0.21,0.25,0.26,0.43,0,0,12,0,0,3,6,2,3,2,1,1,0,TRUE,NA
PSIC110210Loc_DoubleSound,609,6,14.6896,0.1827,0.1548,0.999816161,0.000105787,3.87E-06,7.42E-05,Mixture,0.999816161,0.42,0.35,0.38,0.27,0.38,0,0,8,0,1,1,2,3,1,1,0,0,0,TRUE,NA
YKIC090211_1Loc_DoubleSound,500,6,110.9145,0.1851,0.1177,0.999759687,0.00016048,6.13E-08,7.98E-05,Mixture,0.999759687,0.41,0.19,0.31,0.39,0.26,0,0,14,8,1,2,1,0,2,0,2,1,3,TRUE,NA
YKIC140219Loc_DoubleSound,1100,-6,26.1347,0.4487,0.4044,0.999731701,0.000244507,2.54E-09,2.38E-05,Mixture,0.999731701,0.6,0.57,0.41,0.38,0.7,0,0,11,0,1,1,1,4,3,1,4,1,3,TRUE,2
PSIC111710Loc_DoubleSound,500,-6,8.856,0.9124,0.4284,5.20E-05,7.46E-06,0.999730247,0.000210322,Outside,0.999730247,0.33,0.92,0.15,0.39,0.29,0,0.02,27,0,0,7,11,0,0,0,0,0,0,TRUE,NA
PSIC051111Loc_DoubleSound,903,-24,61.9521,0.3705,0.1422,0.999633556,0.000366443,1.17E-11,9.41E-10,Mixture,0.999633556,0.27,0.49,0.31,0.35,0.11,0,0,9,4,4,1,2,2,0,1,0,0,0,TRUE,NA
YKIC100111_1Loc_DoubleSound,500,-24,31.1806,0.1218,0.2141,0.000110218,0.999346841,4.03E-06,0.000538915,Average,0.999346841,0.59,0.76,0.22,0.37,0.63,0,0,6,0,0,0,0,1,3,6,0,1,0,TRUE,NA
YKIC140220Loc_DoubleSound,1988,-6,14.4894,0.3224,0.2403,0.999309547,0.000323507,3.53E-08,0.000366911,Mixture,0.999309547,0.55,0.23,0.29,0.26,0.6,0.03,0.01,14,0,0,2,5,3,8,6,7,0,0,TRUE,2
YKIC110411_1Loc_DoubleSound,903,6,13.5637,0.3679,0.5124,0.999209722,0.000648473,8.96E-08,0.000141715,Mixture,0.999209722,0.43,0.3,0.23,0.25,0.38,0,0,18,0,0,2,10,10,3,2,1,0,0,TRUE,NA
YKIC140221Loc_DoubleSound,1100,24,36.4411,0.1038,0.1213,0.998766834,0.001165816,1.24E-09,6.73E-05,Mixture,0.998766834,0.6,0.75,0.24,0.25,0.68,0,0,32,0,0,0,8,4,8,16,14,4,0,TRUE,1
YKIC092311_1Loc_DoubleSound,903,-24,80.3143,0.2133,0.5075,0.000289383,0.998740269,8.79E-06,0.000961553,Average,0.998740269,0.43,0.9,0.17,0.39,0.41,0,0,6,0,0,5,3,1,3,2,0,0,0,TRUE,NA
YKIC140501Loc_DoubleSound,500,6,31.7114,0.1941,0.1481,0.998367322,0.000806881,5.33E-05,0.000772457,Mixture,0.998367322,0.44,0.28,0.24,0.18,0.38,0,0,10,0,0,1,6,1,0,2,1,0,0,TRUE,1
YKIC100111_1Loc_DoubleSound,903,-24,25.8854,0.1934,0.2137,0.997791325,0.000553078,2.34E-06,0.001653252,Mixture,0.997791325,0.34,0.8,0.22,0.25,0.28,0,0,6,0,0,6,4,1,1,0,0,0,0,TRUE,NA
YKIC140321Loc_DoubleSound,500,24,15.6457,0.1024,0.204,0.997692129,0.000606073,0.000186905,0.001514893,Mixture,0.997692129,0.37,0.22,0.31,0.22,0.33,0.01,0.03,10,0,1,3,7,3,1,0,0,0,0,TRUE,2
YKIC140501Loc_DoubleSound,1632,-24,28.0507,0.176,0.6066,0.997565994,0.00149978,4.17E-08,0.000934184,Mixture,0.997565994,0.52,0.53,0.25,0.26,0.53,0.01,0,10,0,1,0,1,1,3,0,1,1,0,TRUE,2
PSIC111710Loc_DoubleSound,1100,-24,102.9261,0.2364,0.2538,0.997325144,0.002674806,5.82E-13,5.05E-08,Mixture,0.997325144,0.33,0.44,0.31,0.25,0.2,0,0,25,0,5,5,4,1,1,1,0,0,0,TRUE,NA
YKIC110911Loc_DoubleSound,609,-24,7.0365,0.1479,0.2053,0.997283707,7.77E-05,0.001638916,0.000999635,Mixture,0.997283707,0.29,0.8,0.21,0.28,0.2,0,0,9,0,2,8,0,1,0,0,0,0,0,TRUE,NA
YKIC140507Loc_DoubleSound,1632,-6,6.4395,0.1348,0.7412,0.995817952,0.001867246,6.01E-07,0.002314201,Mixture,0.995817952,0.37,0.39,0.3,0.31,0.29,0.01,0,6,0,2,3,2,4,2,0,0,0,0,TRUE,2
YKIC110311Loc_DoubleSound,903,6,14.4854,0.2302,0.189,0.995723828,0.001225771,6.20E-07,0.003049781,Mixture,0.995723828,0.3,0.69,0.3,0.28,0.17,0,0,11,0,7,5,11,5,0,0,0,0,0,TRUE,NA
YKIC110911Loc_DoubleSound,903,-24,6.9545,0.1906,0.1965,0.995714791,0.000383721,0.000455327,0.003446161,Mixture,0.995714791,0.18,0.77,0.27,0.35,0.06,0,0,10,4,4,0,0,0,0,0,0,0,0,TRUE,NA
YKIC141016Loc_DoubleSound,500,24,592.1191,0.1627,0.3258,0.000916417,0.995372174,0.000241887,0.003469522,Average,0.995372174,0.32,0.92,0.28,0.65,0.2,0,0,23,0,9,4,2,1,0,0,1,0,1,TRUE,1
PSIC102610Loc_DoubleSound,609,6,8.8197,0.6602,0.5068,0.994346962,0.004495542,0.000117948,0.001039548,Mixture,0.994346962,0.4,0.67,0.34,0.4,0.33,0,0,7,0,3,0,4,3,2,0,0,0,0,TRUE,NA
YKIC072811Loc_DoubleSound,500,24,5.9428,0.2806,0.4522,0.001442738,0.000179074,0.993508439,0.00486975,Outside,0.993508439,0.41,0.09,0.45,0.19,0.38,0.01,0,11,0,0,1,8,5,1,0,0,0,0,TRUE,NA
YKIC140226Loc_DoubleSound,500,6,40.4295,0.5278,0.2755,0.005280933,0.993170995,1.11E-08,0.00154806,Average,0.993170995,0.73,0.65,0.28,0.3,0.85,0,0,13,0,0,0,0,0,1,6,6,7,0,TRUE,2
PSIC092910Loc_DoubleSound,903,-6,34.387,0.652,0.5251,0.00737928,0.99215173,1.71E-05,0.000451932,Average,0.99215173,0.71,0.45,0.3,0.31,0.8,0,0,11,0,0,0,0,1,0,4,8,4,0,TRUE,NA
YKIC140121Loc_DoubleSound,500,24,34.4095,0.1264,0.719,0.00853087,0.991373527,1.16E-06,9.44E-05,Average,0.991373527,0.76,0.47,0.44,0.44,0.89,0,0,10,0,0,0,0,1,0,3,5,10,1,TRUE,1
YKIC140501Loc_DoubleSound,500,-6,6.113,0.3007,0.6049,0.99117004,0.00250249,1.36E-06,0.006326114,Mixture,0.99117004,0.52,0.66,0.27,0.32,0.52,0.01,0.03,10,0,0,0,3,1,6,2,0,0,0,TRUE,1
YKIC102811Loc_DoubleSound,1100,6,5.776,0.1333,0.4178,0.990648422,0.005965899,0.000404081,0.002981599,Mixture,0.990648422,0.45,0.54,0.34,0.34,0.41,0,0,12,0,0,0,3,11,2,0,0,0,0,TRUE,NA
PSIC092310Loc_DoubleSound,903,-24,42.1865,0.1156,0.1533,0.005498417,0.989856764,0.0004424,0.004202419,Average,0.989856764,0.62,0.69,0.32,0.35,0.66,0,0,7,0,0,0,0,2,1,1,2,1,0,TRUE,NA
YKIC090111_1Loc_DoubleSound,500,6,12.9405,0.222,0.8289,0.987549391,0.011802679,0.000146993,0.000500938,Mixture,0.987549391,0.3,0.23,0.38,0.27,0.22,0,0,6,0,0,9,2,1,0,0,0,0,0,TRUE,NA
PSIC092810Loc_DoubleSound,1100,-24,140.7361,0.1879,0.3516,0.012977715,0.986865426,8.70E-08,0.000156771,Average,0.986865426,0.62,0.39,0.43,0.25,0.71,0,0,13,0,1,0,0,1,0,1,1,0,2,TRUE,NA
YKIC120111Loc_DoubleSound,1100,6,57.8272,0.4218,0.6167,0.984224029,0.015748633,2.46E-09,2.73E-05,Mixture,0.984224029,0.54,0.45,0.43,0.28,0.57,0,0,5,0,1,2,0,2,0,0,3,1,1,TRUE,NA
YKIC140220Loc_DoubleSound,1988,6,32.7355,0.1673,0.2676,0.980868102,0.016574046,0.000220455,0.002337397,Mixture,0.980868102,0.56,0.51,0.26,0.27,0.6,0,0,22,0,0,0,1,5,4,5,3,0,0,TRUE,1
YKIC140226Loc_DoubleSound,1988,24,17.2358,0.7957,0.6076,0.979565838,0.014451662,1.73E-07,0.005982326,Mixture,0.979565838,0.4,0.43,0.27,0.3,0.34,0,0,17,0,1,5,5,14,1,0,0,0,0,TRUE,1
YKIC102711Loc_DoubleSound,1100,24,31.7346,0.4315,0.3199,0.004106639,0.00322072,0.977995301,0.014677341,Outside,0.977995301,0.26,0.08,0.33,0.16,0.2,0,0,5,0,4,11,1,0,0,0,0,0,0,TRUE,NA
PSIC092910Loc_DoubleSound,1100,24,14.8767,0.5319,0.2655,0.977800534,0.018705277,0.00038393,0.003110258,Mixture,0.977800534,0.38,0.6,0.28,0.34,0.33,0,0,13,0,0,2,7,4,1,0,0,0,0,TRUE,NA
PSIC111910Loc_DoubleSound,1100,-6,41.9139,0.4411,0.1893,0.009841539,0.976243567,3.54E-05,0.013879489,Average,0.976243567,0.64,0.54,0.27,0.25,0.72,0,0,10,0,0,0,0,0,1,2,4,0,0,TRUE,NA
YKIC093011Loc_DoubleSound,1100,24,20.0619,0.2215,0.581,0.011552208,0.975233192,0.003717594,0.009497006,Average,0.975233192,0.39,0.74,0.27,0.36,0.35,0,0,6,0,0,2,6,5,1,0,0,0,0,TRUE,NA
YKIC140313Loc_DoubleSound,500,24,65.1339,0.4102,0.1136,0.011552126,0.975128709,0.001071082,0.012248083,Average,0.975128709,0.46,0.35,0.33,0.36,0.45,0,0,7,0,3,0,0,1,0,4,0,0,0,TRUE,2
YKIC120111_1Loc_DoubleSound,1100,6,7.4436,0.4267,0.4248,0.972770287,0.016871874,9.38E-05,0.010264055,Mixture,0.972770287,0.31,0.23,0.33,0.23,0.24,0,0,5,0,0,7,3,0,0,0,0,0,0,TRUE,NA
YKIC090111_1Loc_DoubleSound,609,6,24.319,0.4388,0.8173,0.022812073,0.970867407,5.11E-05,0.006269458,Average,0.970867407,0.43,0.24,0.33,0.31,0.39,0.02,0,5,0,0,3,1,3,0,1,1,0,0,TRUE,NA
PSIC031711Loc_DoubleSound,1100,-24,12.4912,0.6187,0.1461,0.969734726,0.028423679,5.44E-05,0.001787151,Mixture,0.969734726,0.53,0.63,0.28,0.29,0.56,0.04,0.15,12,0,0,1,2,3,7,6,0,0,0,TRUE,NA
YKIC090111_1Loc_DoubleSound,903,-24,54.4814,0.5159,0.216,0.008674042,0.967422103,0.000426533,0.023477321,Average,0.967422103,0.52,0.79,0.26,0.53,0.52,0,0,6,0,0,0,1,2,2,1,1,0,0,TRUE,NA
YKIC140528Loc_DoubleSound,500,24,36.5576,0.3336,0.8278,0.005509233,0.967412938,0.00388773,0.023190099,Average,0.967412938,0.87,0.32,0.34,0.24,0.99,0,0,8,0,0,0,0,0,0,1,1,2,12,TRUE,1
YKIC140528Loc_DoubleSound,500,6,49.9616,0.559,0.5796,0.967152344,0.032846856,2.15E-09,7.98E-07,Mixture,0.967152344,0.48,0.31,0.43,0.27,0.46,0,0,8,0,1,1,3,4,0,4,1,0,0,TRUE,1
YKIC092911_1Loc_DoubleSound,903,-24,15.2078,0.3114,0.1865,0.013930861,0.96594474,0.0002803,0.019844098,Average,0.96594474,0.41,0.87,0.27,0.43,0.38,0,0,7,0,0,1,7,6,2,0,0,0,0,TRUE,NA
YKIC140128Loc_DoubleSound,500,6,20.732,0.743,0.8022,0.964339791,0.035298614,1.61E-05,0.000345537,Mixture,0.964339791,0.56,0.35,0.32,0.3,0.58,0,0,16,0,0,0,2,3,7,5,3,0,0,TRUE,1
PSIC090710Loc_DoubleSound,1100,-24,35.5306,0.5251,0.4124,0.039251989,0.958818814,0.00023094,0.001698256,Average,0.958818814,0.61,0.52,0.34,0.39,0.66,0,0,12,0,0,0,1,0,3,3,4,0,0,TRUE,NA
YKIC141009Loc_DoubleSound,500,6,19.3717,0.6013,0.3312,0.95549886,0.040263026,1.26E-05,0.004225483,Mixture,0.95549886,0.41,0.48,0.32,0.3,0.34,0,0,8,0,1,2,2,2,2,1,0,0,0,TRUE,1
PSIC091010Loc_DoubleSound,1100,-24,76.9766,0.1035,0.7187,0.041849725,0.949547196,0.001015707,0.007587372,Average,0.949547196,0.57,0.55,0.35,0.34,0.61,0,0,27,0,0,0,1,1,2,6,0,0,0,TRUE,NA
PSIC091310Loc_DoubleSound,500,24,16.028,0.928,0.2414,0.949417365,0.030518971,0.003431332,0.016632332,Mixture,0.949417365,0.32,0.39,0.31,0.27,0.23,0.01,0.01,11,0,0,6,1,1,0,0,0,0,0,TRUE,NA
PSIC111610Loc_DoubleSound,1100,-24,37.6358,0.163,0.5623,0.946933435,0.044590855,1.49E-06,0.008474222,Mixture,0.946933435,0.43,0.36,0.45,0.33,0.38,0.01,0,8,0,1,0,2,1,0,1,0,0,0,TRUE,NA
YKIC140130Loc_DoubleSound,500,24,91.2166,0.3136,0.2537,0.060939405,0.939060595,6.92E-30,2.99E-14,Average,0.939060595,0.62,0.61,0.48,0.47,0.83,0,0,11,3,2,2,1,3,4,3,5,7,7,TRUE,1
YKIC092311_1Loc_DoubleSound,903,24,23.7597,0.5641,0.498,0.021611086,0.936365996,0.000588726,0.041434191,Average,0.936365996,0.7,0.33,0.48,0.36,0.8,0,0,7,0,0,0,0,0,0,1,3,2,0,TRUE,NA
YKIC131213Loc_DoubleSound,500,24,36.3209,0.3418,0.5441,0.016047484,0.934070678,9.49E-05,0.04978691,Average,0.934070678,0.75,0.77,0.36,0.64,0.88,0,0,7,0,0,0,0,0,1,1,2,2,4,TRUE,1
YKIC092911_1Loc_DoubleSound,1100,-6,5.9476,0.4318,0.4863,0.93351999,0.016380021,0.000133009,0.049966979,Mixture,0.93351999,0.22,0.82,0.23,0.32,0.13,0.01,0,5,0,12,4,0,0,0,0,0,0,0,TRUE,NA
YKIC100111_1Loc_DoubleSound,609,-6,21.0721,0.438,0.2398,0.020147751,0.931962562,0.007272446,0.040617242,Average,0.931962562,0.5,0.24,0.43,0.39,0.5,0,0,5,0,0,2,4,0,1,4,2,0,0,TRUE,NA
YKIC110211_1Loc_DoubleSound,500,-6,26.5393,0.3383,0.1215,0.015220219,0.931712932,4.39E-05,0.053022946,Average,0.931712932,0.51,0.83,0.24,0.36,0.52,0,0,7,0,0,0,1,2,6,1,0,0,0,TRUE,NA
YKIC110911Loc_DoubleSound,500,-24,27.2877,0.3184,0.2037,0.928201648,0.009274317,0.00873073,0.053793304,Mixture,0.928201648,0.33,0.89,0.2,0.28,0.27,0,0,7,0,0,8,6,0,1,0,0,0,0,TRUE,NA
YKIC090911_1Loc_DoubleSound,903,-24,27.2229,0.1458,0.1618,0.067088887,0.925300376,3.07E-05,0.00758004,Average,0.925300376,0.6,0.72,0.28,0.32,0.64,0,0,8,0,0,0,1,2,3,2,4,0,0,TRUE,NA
YKIC141016Loc_DoubleSound,500,-24,231.5399,0.1947,0.6164,0.012925303,0.922684066,0.001033537,0.063357094,Average,0.922684066,0.41,0.94,0.29,0.6,0.28,0,0,22,6,6,0,3,2,1,3,2,3,1,TRUE,1
YKIC092311_1Loc_DoubleSound,1100,24,42.9195,0.572,0.4985,0.017156948,0.92196128,9.92E-05,0.06078258,Average,0.92196128,0.65,0.2,0.29,0.27,0.77,0,0,7,0,0,1,2,0,0,0,1,1,4,TRUE,NA
PSIC111510Loc_DoubleSound,1100,-24,44.246,0.2068,0.1294,0.037451199,0.916661926,1.10E-05,0.045875845,Average,0.916661926,0.71,0.36,0.51,0.36,0.79,0,0,10,0,0,0,0,0,1,2,1,3,0,TRUE,NA
YKIC140225Loc_DoubleSound,500,6,5.3843,0.4374,0.2218,0.911456587,0.029354444,4.09E-05,0.05914807,Mixture,0.911456587,0.52,0.63,0.37,0.37,0.55,0.01,0,5,0,1,1,1,0,0,2,2,0,0,TRUE,1
PSIC110110Loc_DoubleSound,1100,-24,43.1519,0.6397,0.5384,0.075377452,0.908148744,7.66E-05,0.016397161,Average,0.908148744,0.72,0.44,0.53,0.45,0.83,0,0,10,0,0,0,0,0,0,1,1,4,0,TRUE,NA
YKIC092311_1Loc_DoubleSound,500,6,86.4757,0.1577,0.3286,0.028139164,0.900150837,0.001199449,0.07051055,Average,0.900150837,0.39,0.21,0.33,0.22,0.33,0,0,8,0,0,4,0,0,0,0,1,0,0,TRUE,NA
PSIC091710Loc_DoubleSound,1100,-24,38.8746,0.4719,0.2363,0.899173515,0.089244164,0.001043391,0.01053893,Mixture,0.899173515,0.46,0.64,0.26,0.31,0.45,0,0,23,0,0,1,1,2,2,0,0,0,0,TRUE,NA
PSIC111910Loc_DoubleSound,1100,6,37.7721,0.5794,0.4467,0.101574866,0.896946417,9.40E-06,0.001469315,Average,0.896946417,0.64,0.46,0.35,0.31,0.71,0,0,11,0,0,0,0,2,2,2,5,1,0,TRUE,NA
YKIC092911_1Loc_DoubleSound,903,-6,16.2413,0.1642,0.4888,0.008458399,0.896375955,2.47E-05,0.095140992,Average,0.896375955,0.54,0.78,0.37,0.47,0.58,0.01,0,5,0,0,0,2,1,6,4,0,1,0,TRUE,NA
PSIC111210Loc_DoubleSound,609,6,32.6712,0.755,0.4426,0.035778658,0.883023287,4.38E-05,0.081154243,Average,0.883023287,0.65,0.76,0.29,0.4,0.73,0,0,12,0,0,0,0,0,3,2,1,2,0,TRUE,NA
YKIC110311Loc_DoubleSound,903,24,27.0637,0.5713,0.1782,0.878271919,0.01337726,0.001037129,0.107313692,Mixture,0.878271919,0.18,0.83,0.34,0.38,0.06,0,0,16,7,8,4,2,0,0,0,0,0,0,TRUE,NA
PSIC111510Loc_DoubleSound,1100,-6,21.486,0.2729,0.7306,0.876318195,0.052917244,9.13E-06,0.070755428,Mixture,0.876318195,0.41,0.37,0.29,0.25,0.35,0,0,14,0,0,2,4,4,3,0,0,0,0,TRUE,NA
YKIC100111Loc_DoubleSound,609,-6,19.1768,0.4274,0.3193,0.872752356,0.092143933,1.25E-05,0.035091251,Mixture,0.872752356,0.35,0.71,0.29,0.35,0.24,0,0,5,0,2,3,1,1,1,0,0,0,0,TRUE,NA
YKIC100111_1Loc_DoubleSound,1100,-24,51.2129,0.2323,0.2203,0.860128308,0.139837575,1.91E-09,3.41E-05,Mixture,0.860128308,0.26,0.76,0.23,0.29,0.13,0,0,6,0,8,6,2,1,0,0,0,0,0,TRUE,NA
PSIC092710Loc_DoubleSound,1100,-6,35.998,0.6433,0.4748,0.053331775,0.859484083,0.001665678,0.085518464,Average,0.859484083,0.64,0.58,0.35,0.34,0.69,0,0,11,0,0,0,0,0,0,3,2,0,0,TRUE,NA
YKIC110911Loc_DoubleSound,609,-6,68.2942,0.419,0.5755,0.859254974,0.012735148,0.017890426,0.110119452,Mixture,0.859254974,0.24,0.84,0.34,0.34,0.09,0,0,8,4,4,0,0,0,0,0,0,0,1,TRUE,NA
YKIC140220Loc_DoubleSound,500,24,82.1458,0.1067,0.1649,0.858901861,0.141097998,7.90E-11,1.42E-07,Mixture,0.858901861,0.79,0.23,0.33,0.27,0.94,0,0,22,0,0,0,1,1,2,3,7,3,15,TRUE,2
PSIC091410Loc_DoubleSound,1100,-24,26.5305,0.6305,0.563,0.098558607,0.858813137,0.004132371,0.038495885,Average,0.858813137,0.74,0.57,0.29,0.31,0.85,0,0,22,0,0,0,0,0,0,1,15,4,0,TRUE,NA
PSIC111910Loc_DoubleSound,1100,24,50.9651,0.3246,0.1193,0.041263288,0.851307315,0.000178257,0.10725114,Average,0.851307315,0.52,0.14,0.47,0.26,0.53,0,0,9,0,0,0,4,4,1,1,4,0,0,TRUE,NA
YKIC141009Loc_DoubleSound,500,24,12.3012,0.352,0.3997,0.847226391,0.107960773,7.28E-05,0.044739999,Mixture,0.847226391,0.7,0.56,0.32,0.36,0.81,0.01,0,7,0,0,0,0,0,2,4,0,3,1,TRUE,1
PSIC090710Loc_DoubleSound,903,-24,18.6158,0.1355,0.4208,0.064137633,0.846094692,0.017097483,0.072670192,Average,0.846094692,0.71,0.48,0.47,0.37,0.81,0,0,12,0,0,0,0,0,0,0,7,0,0,TRUE,NA
PSIC092010Loc_DoubleSound,609,6,15.487,0.3134,0.7512,0.024439207,0.844959476,0.017928447,0.11267287,Average,0.844959476,0.77,0.41,0.37,0.36,0.89,0,0,15,0,0,0,0,0,0,0,10,7,0,TRUE,NA
PSIC111610Loc_DoubleSound,903,-24,23.0034,0.1301,0.5611,0.146869318,0.843232901,0.000980927,0.008916854,Average,0.843232901,0.61,0.58,0.36,0.35,0.66,0,0,8,0,0,0,0,1,2,2,4,0,0,TRUE,NA
PSIC093010Loc_DoubleSound,903,-24,38.717,0.1257,0.7416,0.840845831,0.141274997,5.87E-06,0.017873306,Mixture,0.840845831,0.4,0.36,0.32,0.27,0.35,0,0,16,0,0,3,2,3,0,0,0,0,0,TRUE,NA
YKIC093011Loc_DoubleSound,500,24,8.9104,0.2226,0.5692,0.83414121,0.105109504,0.007833447,0.052915839,Mixture,0.83414121,0.54,0.83,0.22,0.39,0.57,0,0,6,0,0,0,0,5,9,2,0,0,0,TRUE,NA
PSIC111910Loc_DoubleSound,903,24,45.9037,0.5032,0.1205,0.165355803,0.830227312,1.55E-07,0.00441673,Average,0.830227312,0.54,0.34,0.39,0.28,0.58,0,0,15,0,0,1,1,2,7,5,0,0,0,TRUE,NA
YKIC102811_1Loc_DoubleSound,1100,-6,146.8756,0.7338,0.7511,0.032401098,0.013774132,0.824594959,0.129229812,Outside,0.824594959,0.31,0.94,0.14,0.32,0.26,0,0,16,0,0,12,7,1,0,0,0,0,0,TRUE,NA
YKIC102811Loc_DoubleSound,1100,-24,7.7125,0.241,0.1933,0.036739146,0.017736823,0.824142001,0.12138203,Outside,0.824142001,0.37,0.89,0.19,0.27,0.33,0,0,10,0,0,5,10,4,1,0,0,0,0,TRUE,NA
YKIC140220Loc_DoubleSound,1988,-24,22.4948,0.5956,0.5697,0.104247936,0.822519398,5.09E-06,0.073227576,Average,0.822519398,0.73,0.38,0.37,0.32,0.83,0,0,18,0,0,0,0,0,3,3,7,9,0,TRUE,2
PSIC092110Loc_DoubleSound,1100,-24,41.9616,0.305,0.7959,0.029131013,0.820081192,0.01885359,0.131934205,Average,0.820081192,0.65,0.8,0.3,0.44,0.74,0,0,20,0,0,0,0,1,3,3,8,0,0,TRUE,NA
PSIC102110Loc_DoubleSound,1100,-6,17.9548,0.4531,0.1501,0.161432427,0.810933981,0.00083668,0.026796912,Average,0.810933981,0.62,0.49,0.4,0.34,0.7,0,0,9,0,0,0,1,0,3,5,3,1,0,TRUE,NA
YKIC110311Loc_DoubleSound,1100,-24,160.3196,0.7641,0.433,0.033220006,0.805652319,0.010809791,0.150317885,Average,0.805652319,0.33,0.94,0.19,0.4,0.29,0,0,11,0,0,15,8,1,0,1,0,0,0,TRUE,NA
YKIC140507Loc_DoubleSound,500,24,13.7872,0.3208,0.6276,0.802472516,0.052132972,0.023738486,0.121656026,Mixture,0.802472516,0.39,0.24,0.32,0.29,0.33,0.01,0.01,9,0,2,2,4,1,2,1,0,0,0,TRUE,2
PSIC091310Loc_DoubleSound,903,-24,19.4829,0.6019,0.234,0.797506903,0.142336004,5.83E-05,0.060098837,Mixture,0.797506903,0.49,0.38,0.34,0.27,0.5,0,0,16,0,0,0,1,5,6,0,0,0,0,TRUE,NA
YKIC140226Loc_DoubleSound,1988,-6,10.8382,0.2031,0.1758,0.089021989,0.115906451,0.001389138,0.793682422,Single,0.793682422,0.61,0.09,0.39,0.27,0.66,0.01,0.01,14,0,0,0,1,4,6,6,9,0,0,TRUE,2
YKIC082611Loc_DoubleSound,500,-24,27.726,0.1152,0.1639,0.051963079,0.793642767,0.038967714,0.11542644,Average,0.793642767,0.52,0.72,0.27,0.43,0.51,0.01,0,5,0,0,0,1,1,2,0,1,0,0,TRUE,NA
YKIC090111_1Loc_DoubleSound,609,24,27.3204,0.1455,0.3409,0.790650397,0.206449513,0.000285634,0.002614456,Mixture,0.790650397,0.37,0.47,0.35,0.34,0.31,0,0,9,0,0,5,1,5,0,0,0,0,0,TRUE,NA
PSIC091010Loc_DoubleSound,903,24,4.7739,0.1162,0.1314,0.781243915,0.111987517,0.000678607,0.10608996,Mixture,0.781243915,0.45,0.47,0.32,0.29,0.4,0.05,0.38,12,0,0,0,3,11,0,0,0,0,0,TRUE,NA
PSIC091510Loc_DoubleSound,1100,-24,21.2959,0.1185,0.787,0.196791563,0.778325731,0.001911418,0.022971289,Average,0.778325731,0.51,0.58,0.27,0.31,0.53,0,0,19,0,0,0,1,7,16,2,0,0,0,TRUE,NA
PSIC090710Loc_DoubleSound,609,6,12.9356,0.6168,0.8729,0.080979248,0.770463997,0.025960935,0.12259582,Average,0.770463997,0.47,0.65,0.28,0.33,0.45,0.01,0.01,10,0,0,0,0,7,3,0,0,0,0,TRUE,NA
YKIC110211_1Loc_DoubleSound,1100,24,25.6606,0.3096,0.7314,0.059643189,0.765768546,0.000113526,0.174474738,Average,0.765768546,0.61,0.23,0.47,0.3,0.66,0,0,6,0,0,0,0,1,1,5,1,0,0,TRUE,NA
PSIC092710Loc_DoubleSound,500,-6,14.9575,0.68,0.4828,0.154572577,0.76514376,0.001045049,0.079238615,Average,0.76514376,0.39,0.25,0.35,0.27,0.32,0,0.01,13,0,0,1,6,7,0,0,0,0,0,TRUE,NA
YKIC092311Loc_DoubleSound,1100,-24,50.0324,0.4988,0.4381,0.058169488,0.761858581,0.005866516,0.174105415,Average,0.761858581,0.36,0.85,0.24,0.3,0.26,0.01,0,5,0,1,6,1,0,0,0,0,1,0,TRUE,NA
PSIC110310Loc_DoubleSound,1100,-24,87.6444,0.2892,0.4085,0.761385421,0.206714724,0.000122952,0.031776903,Mixture,0.761385421,0.39,0.17,0.25,0.25,0.31,0,0,12,0,1,4,2,0,3,0,0,0,0,TRUE,NA
PSIC101410Loc_DoubleSound,903,-6,9.9375,0.5993,0.1224,0.753982838,0.152546521,0.014334506,0.079136136,Mixture,0.753982838,0.45,0.61,0.28,0.36,0.43,0,0,16,0,0,0,1,5,0,0,0,0,0,TRUE,NA
YKIC082611_1Loc_DoubleSound,1100,-6,18.7343,0.6907,0.2452,0.75291716,0.241424117,0.000382264,0.005276459,Mixture,0.75291716,0.46,0.08,0.37,0.18,0.47,0,0,12,0,0,0,1,22,4,0,0,0,0,TRUE,NA
YKIC092311Loc_DoubleSound,500,24,18.294,0.1913,0.15,0.748553331,0.219871317,0.003722303,0.027853049,Mixture,0.748553331,0.49,0.57,0.34,0.31,0.48,0,0,9,0,0,2,1,1,8,1,0,0,0,TRUE,NA
YKIC080511Loc_DoubleSound,609,6,4.5682,0.6232,0.4233,0.076376955,0.013877669,0.745742984,0.164002392,Outside,0.745742984,0.32,0.86,0.26,0.42,0.25,0,0.01,10,0,1,9,3,2,0,0,0,0,0,TRUE,NA
YKIC140221Loc_DoubleSound,500,24,76.6728,0.3784,0.1168,0.743206143,0.256793806,1.81E-10,5.00E-08,Mixture,0.743206143,0.72,0.27,0.39,0.38,0.9,0,0,33,0,0,0,1,4,6,5,11,15,5,TRUE,1
YKIC072711Loc_DoubleSound,1100,-24,23.512,0.1495,0.5673,0.054792986,0.02797083,0.734112428,0.183123756,Outside,0.734112428,0.23,0.91,0.2,0.36,0.16,0,0,8,0,8,6,0,0,0,0,0,0,0,TRUE,NA
YKIC102811_1Loc_DoubleSound,1100,24,62.6983,0.453,0.6462,0.055584992,0.023939103,0.728664381,0.191811524,Outside,0.728664381,0.35,0.09,0.36,0.15,0.32,0,0,11,0,0,9,5,0,1,0,0,0,0,TRUE,NA
YKIC092311Loc_DoubleSound,609,24,17.0161,0.4414,0.1478,0.176309577,0.728539184,0.000410755,0.094740484,Average,0.728539184,0.45,0.25,0.29,0.25,0.42,0,0,5,0,0,2,1,2,1,1,0,0,0,TRUE,NA
YKIC140528Loc_DoubleSound,1632,-6,30.2318,0.292,0.5335,0.726602362,0.187988233,2.36E-05,0.085385762,Mixture,0.726602362,0.52,0.24,0.37,0.25,0.54,0,0,13,0,0,0,1,4,4,3,0,0,0,TRUE,1
PSIC111210Loc_DoubleSound,1100,-6,10.7086,0.5256,0.2005,0.724740156,0.129193746,0.000123528,0.14594257,Mixture,0.724740156,0.4,0.34,0.34,0.26,0.35,0,0.01,7,0,0,0,7,2,0,1,0,0,0,TRUE,NA
PSIC091510Loc_DoubleSound,500,6,9.5575,0.2962,0.7919,0.723648257,0.18556504,0.011560631,0.079226072,Mixture,0.723648257,0.4,0.62,0.29,0.28,0.34,0,0,19,0,0,0,7,7,0,0,0,0,0,TRUE,NA
PSIC111710Loc_DoubleSound,609,24,20.2889,0.3154,0.8309,0.239428573,0.717630734,0.005421406,0.037519288,Average,0.717630734,0.55,0.59,0.31,0.35,0.58,0,0,24,0,0,0,0,0,12,2,0,0,0,TRUE,NA
YKIC140226Loc_DoubleSound,500,24,19.1501,0.1909,0.6114,0.167307765,0.109907051,0.008033618,0.714751565,Single,0.714751565,0.46,0.91,0.17,0.37,0.44,0,0,15,0,0,0,7,5,7,2,0,0,0,TRUE,1
YKIC080511Loc_DoubleSound,609,-6,4.8263,0.1296,0.3331,0.071635753,0.030210643,0.713294435,0.184859169,Outside,0.713294435,0.38,0.84,0.24,0.38,0.35,0.01,0.01,9,0,0,1,6,1,1,0,0,0,0,TRUE,NA
PSIC092910Loc_DoubleSound,1100,-24,47.8947,0.2548,0.3058,0.709293956,0.264586981,7.71E-06,0.026111349,Mixture,0.709293956,0.49,0.39,0.3,0.3,0.46,0,0,14,0,0,0,2,2,2,0,1,0,0,TRUE,NA
YKIC140321Loc_DoubleSound,1632,-24,3.7476,0.248,0.6306,0.708098961,0.172221917,0.0061018,0.113577322,Mixture,0.708098961,0.57,0.45,0.37,0.36,0.61,0,0.02,10,0,0,0,0,2,4,5,0,0,0,TRUE,2
YKIC120211Loc_DoubleSound,1100,24,16.4737,0.3346,0.4287,0.080064537,0.70714308,6.04E-05,0.212731971,Average,0.70714308,0.57,0.26,0.33,0.26,0.59,0,0,5,0,0,0,1,2,1,5,1,0,0,TRUE,NA
PSIC110310Loc_DoubleSound,1100,-6,22.2856,0.2253,0.2362,0.091130092,0.698048137,0.000131729,0.210690043,Average,0.698048137,0.58,0.28,0.39,0.34,0.63,0,0,6,0,0,1,1,0,0,1,2,1,0,TRUE,NA
YKIC111011_2Loc_DoubleSound,609,-24,8.5269,0.5541,0.5554,0.697629707,0.215484387,0.002829467,0.084056438,Mixture,0.697629707,0.53,0.58,0.35,0.36,0.54,0.03,0.08,8,0,0,0,0,3,4,2,0,0,0,TRUE,NA
YKIC082511Loc_DoubleSound,500,6,3.5166,0.1762,0.2244,0.697561759,0.151652399,0.005414557,0.145371285,Mixture,0.697561759,0.45,0.63,0.29,0.35,0.41,0.02,0.01,5,0,0,0,3,4,2,0,0,0,0,TRUE,NA
YKIC140220Loc_DoubleSound,1988,6,3.7913,0.1955,0.2213,0.695477598,0.053170238,3.93E-05,0.251312906,Mixture,0.695477598,0.67,0.78,0.32,0.39,0.76,0,0,22,0,0,0,0,0,4,5,6,3,0,TRUE,2
YKIC140226Loc_DoubleSound,1988,-6,81.4954,0.5699,0.1658,0.149322353,0.14066869,0.018270859,0.691738097,Single,0.691738097,0.25,0.06,0.44,0.23,0.11,0,0,14,1,16,4,0,3,1,1,0,0,0,TRUE,1
YKIC110311Loc_DoubleSound,500,-24,8.3073,0.7383,0.4385,0.68798784,0.051788658,0.000226224,0.259997278,Mixture,0.68798784,0.36,0.22,0.33,0.28,0.27,0,0.01,11,0,2,9,5,9,1,0,0,0,0,TRUE,NA
PSIC051111Loc_DoubleSound,1100,-24,91.594,0.2264,0.1405,0.080753447,0.685398654,0.029198013,0.204649886,Average,0.685398654,0.46,0.79,0.44,0.45,0.41,0,0,12,0,4,0,0,0,1,0,1,2,0,TRUE,NA
YKIC110911Loc_DoubleSound,1100,-6,105.5443,0.2191,0.5726,0.68052595,0.271012774,0.000688022,0.047773255,Mixture,0.68052595,0.43,0.77,0.22,0.46,0.39,0,0,6,0,0,2,3,0,3,0,0,0,0,TRUE,NA
YKIC110111_1Loc_DoubleSound,609,6,4.183,0.4361,0.116,0.0892043,0.036486022,0.675483843,0.198825835,Outside,0.675483843,0.41,0.83,0.2,0.34,0.36,0.06,0.13,5,0,0,2,2,1,1,0,0,0,0,TRUE,NA
YKIC072811Loc_DoubleSound,903,6,12.8617,0.341,0.1724,0.07341241,0.028508235,0.672292149,0.225787206,Outside,0.672292149,0.29,0.9,0.18,0.4,0.22,0,0,8,0,1,9,3,0,0,0,0,0,0,TRUE,NA
YKIC110111_1Loc_DoubleSound,1100,6,5.9539,0.1152,0.1152,0.083958332,0.039449471,0.666820323,0.209771875,Outside,0.666820323,0.4,0.86,0.2,0.37,0.39,0.03,0,7,0,0,0,6,2,0,0,0,0,0,TRUE,NA
YKIC100111_1Loc_DoubleSound,500,6,4.6815,0.3163,0.4183,0.664989906,0.166246539,0.024380213,0.144383342,Mixture,0.664989906,0.4,0.25,0.4,0.31,0.35,0,0,7,0,0,2,7,7,2,0,0,0,0,TRUE,NA
YKIC111011_2Loc_DoubleSound,903,-6,7.4053,0.44,0.5735,0.125464831,0.664560215,0.017988371,0.191986583,Average,0.664560215,0.52,0.59,0.31,0.38,0.53,0,0.01,5,0,0,0,0,1,7,0,0,0,0,TRUE,NA
YKIC140130Loc_DoubleSound,1100,24,3.279,0.2558,0.2495,0.268042692,0.066809565,0.001768879,0.663378863,Single,0.663378863,0.48,0.85,0.29,0.42,0.48,0.01,0.01,11,0,0,0,4,19,17,1,0,0,0,TRUE,1
YKIC090111_1Loc_DoubleSound,903,-6,61.025,0.1168,0.1675,0.088603169,0.659820362,0.006279985,0.245296484,Average,0.659820362,0.47,0.86,0.19,0.39,0.45,0,0,7,0,0,0,3,3,2,1,0,0,0,TRUE,NA
YKIC090111_1Loc_DoubleSound,609,-6,3.4459,0.4683,0.1735,0.149745393,0.193530761,0.000346088,0.656377758,Single,0.656377758,0.57,0.79,0.24,0.35,0.59,0,0.11,11,0,0,0,0,3,9,4,0,0,0,TRUE,NA
PSIC111710Loc_DoubleSound,609,-6,29.2271,0.6142,0.4418,0.19251574,0.150126446,0.002002263,0.655355551,Single,0.655355551,0.47,0.86,0.23,0.41,0.5,0,0,24,0,0,0,2,9,1,1,0,0,0,TRUE,NA
YKIC120211_1Loc_DoubleSound,500,-6,14.3071,0.5507,0.216,0.026385358,0.652368266,0.000160303,0.321086073,Average,0.652368266,0.45,0.9,0.18,0.33,0.44,0,0,6,0,0,0,6,9,3,0,0,0,0,TRUE,NA
YKIC072611Loc_DoubleSound,1100,6,21.0569,0.5159,0.2304,0.648145814,0.099515727,0.000215804,0.252122654,Mixture,0.648145814,0.44,0.32,0.28,0.26,0.41,0,0,12,0,0,3,2,1,3,2,0,0,0,TRUE,NA
PSIC100610Loc_DoubleSound,903,-24,31.4196,0.3507,0.2364,0.318198826,0.646178918,0.004897263,0.030724993,Average,0.646178918,0.53,0.59,0.39,0.37,0.55,0,0,12,0,0,0,2,0,4,4,0,0,0,TRUE,NA
PSIC090910Loc_DoubleSound,1100,-6,10.7851,0.6147,0.2407,0.131571738,0.644421,0.045049065,0.178958196,Average,0.644421,0.47,0.27,0.34,0.26,0.47,0,0,10,0,0,0,0,7,2,0,0,0,0,TRUE,NA
YKIC100711Loc_DoubleSound,1100,-24,26.2891,0.1049,0.3567,0.037450465,0.638179197,8.65E-05,0.324283819,Average,0.638179197,0.37,0.92,0.19,0.41,0.34,0,0,18,0,0,3,14,2,2,0,0,0,0,TRUE,NA
YKIC093011Loc_DoubleSound,903,-24,8.594,0.5045,0.4951,0.190204151,0.634601963,0.002123569,0.173070318,Average,0.634601963,0.41,0.87,0.23,0.39,0.39,0,0,7,0,0,0,12,8,3,0,0,0,0,TRUE,NA
YKIC140501Loc_DoubleSound,1632,24,4.6611,0.1085,0.2308,0.633936773,0.06494555,0.069717351,0.231400326,Mixture,0.633936773,0.4,0.18,0.37,0.29,0.35,0,0,11,0,0,3,5,4,1,0,0,0,0,TRUE,1
YKIC090811_1Loc_DoubleSound,500,24,16.3949,0.3376,0.7162,0.126021503,0.627380083,0.001501782,0.245096632,Average,0.627380083,0.48,0.35,0.36,0.27,0.45,0,0,6,0,0,0,1,1,3,0,0,0,0,TRUE,NA
PSIC110910Loc_DoubleSound,903,24,18.5558,0.3337,0.4259,0.625143608,0.229517986,2.67E-05,0.145311744,Mixture,0.625143608,0.45,0.45,0.31,0.31,0.42,0.01,0,5,0,0,1,1,2,2,0,0,0,0,TRUE,NA
YKIC082411Loc_DoubleSound,903,-24,5.4221,0.4289,0.3291,0.619034316,0.181301376,9.52E-05,0.199569133,Mixture,0.619034316,0.46,0.75,0.25,0.36,0.44,0.01,0.01,5,0,0,0,6,6,3,0,0,0,0,TRUE,NA
YKIC120211_1Loc_DoubleSound,1100,-6,7.6211,0.1164,0.2232,0.210237173,0.133291211,0.037823715,0.6186479,Single,0.6186479,0.28,0.88,0.24,0.4,0.2,0.01,0,6,0,1,9,1,0,0,0,0,0,0,TRUE,NA
YKIC140128Loc_DoubleSound,500,6,9.6546,0.3708,0.2659,0.233145276,0.617859917,0.002957552,0.146037255,Average,0.617859917,0.63,0.53,0.33,0.32,0.71,0.01,0.1,16,0,0,0,0,1,1,17,1,0,0,TRUE,2
PSIC091610Loc_DoubleSound,1100,-24,11.9896,0.1844,0.3161,0.617730167,0.093742507,0.049816773,0.238710552,Mixture,0.617730167,0.37,0.78,0.3,0.38,0.31,0,0.04,13,0,0,3,8,4,0,0,0,0,0,TRUE,NA
PSIC111210Loc_DoubleSound,500,6,4.4955,0.4226,0.4357,0.232744775,0.146209784,0.005356134,0.615689308,Single,0.615689308,0.39,0.84,0.2,0.38,0.35,0.01,0.11,12,0,0,0,6,2,0,0,0,0,0,TRUE,NA
PSIC110310Loc_DoubleSound,500,6,10.2939,0.4317,0.1453,0.614437623,0.05544588,0.004113225,0.326003271,Mixture,0.614437623,0.34,0.77,0.27,0.38,0.26,0,0.01,10,0,0,6,1,2,1,0,0,0,0,TRUE,NA
YKIC100711Loc_DoubleSound,903,-24,4.9401,0.4864,0.3631,0.610215518,0.08016702,0.000193556,0.309423907,Mixture,0.610215518,0.45,0.89,0.21,0.36,0.43,0,0,15,0,0,0,4,10,3,0,0,0,0,TRUE,NA
PSIC110910Loc_DoubleSound,903,-6,4.9979,0.5226,0.4279,0.220480078,0.170410008,0.000907744,0.60820217,Single,0.60820217,0.64,0.22,0.44,0.27,0.72,0.03,0.12,7,0,0,0,0,0,2,4,3,0,0,TRUE,NA
YKIC140226Loc_DoubleSound,1988,6,13.6087,0.2548,0.2686,0.606422776,0.127980434,0.042528626,0.223068164,Mixture,0.606422776,0.59,0.23,0.34,0.23,0.62,0,0,17,0,0,0,0,2,5,6,1,0,1,TRUE,2
PSIC100510Loc_DoubleSound,903,-24,19.727,0.6712,0.7256,0.118196321,0.603621279,0.000147408,0.278034993,Average,0.603621279,0.58,0.25,0.35,0.28,0.61,0.01,0,6,0,0,0,0,1,1,4,0,0,0,TRUE,NA
YKIC090811Loc_DoubleSound,1100,-6,52.4265,0.6047,0.4968,0.603003592,0.167389453,0.001178477,0.228428478,Mixture,0.603003592,0.43,0.8,0.24,0.4,0.35,0,0,7,0,2,1,3,0,3,1,1,0,0,TRUE,NA
YKIC082611_1Loc_DoubleSound,609,24,21.7928,0.7772,0.4277,0.221498135,0.176622409,0.002668227,0.599211229,Single,0.599211229,0.38,0.11,0.42,0.19,0.31,0,0,12,0,0,1,8,4,0,0,0,0,0,TRUE,NA
PSIC102110Loc_DoubleSound,903,24,6.68,0.6248,0.1643,0.20498729,0.597974419,0.033826617,0.163211675,Average,0.597974419,0.6,0.63,0.35,0.38,0.64,0,0.01,5,0,0,0,0,0,3,6,1,0,0,TRUE,NA
YKIC110411_2Loc_DoubleSound,1100,-24,10.4175,0.12,0.4319,0.59583361,0.049852141,0.001140038,0.353174211,Mixture,0.59583361,0.33,0.76,0.27,0.34,0.25,0,0,5,0,2,2,2,1,0,0,0,0,0,TRUE,NA
YKIC082611_1Loc_DoubleSound,1100,-24,13.9678,0.4417,0.4245,0.595170176,0.052234718,0.111703426,0.240891681,Mixture,0.595170176,0.44,0.79,0.25,0.33,0.41,0,0,12,0,0,1,4,2,2,0,1,0,0,TRUE,NA
YKIC110211_1Loc_DoubleSound,609,-6,27.3885,0.6894,0.1243,0.216935019,0.177185616,0.011155112,0.594724253,Single,0.594724253,0.39,0.85,0.25,0.45,0.32,0,0,7,0,0,3,3,2,1,0,0,0,0,TRUE,NA
YKIC140219Loc_DoubleSound,609,-24,37.5978,0.1792,0.3674,0.304099655,0.099938546,0.005411117,0.590550682,Single,0.590550682,0.32,0.17,0.4,0.25,0.23,0,0,23,0,1,5,4,1,0,0,0,0,0,TRUE,2
YKIC080411Loc_DoubleSound,903,-24,38.1916,0.1559,0.4601,0.216109638,0.191365624,0.003194996,0.589329742,Single,0.589329742,0.35,0.86,0.24,0.38,0.29,0,0,8,0,2,1,5,1,0,0,0,0,0,TRUE,NA
YKIC111011_2Loc_DoubleSound,1100,-6,7.1245,0.1706,0.5632,0.178411602,0.58856846,0.007345539,0.225674399,Average,0.58856846,0.58,0.7,0.31,0.38,0.63,0.01,0.04,5,0,0,0,0,0,5,4,0,0,0,TRUE,NA
YKIC110311Loc_DoubleSound,1100,6,72.3928,0.6045,0.1936,0.127357412,0.091890477,0.194999579,0.585752532,Single,0.585752532,0.36,0.95,0.15,0.38,0.34,0,0,10,0,0,10,11,5,1,0,0,0,0,TRUE,NA
YKIC113011Loc_DoubleSound,1100,24,51.8464,0.2195,0.1479,0.228450013,0.1566662,0.032041035,0.582842752,Single,0.582842752,0.5,0.15,0.49,0.24,0.49,0,0,6,0,0,2,2,1,1,0,0,1,1,TRUE,NA
PSIC110910Loc_DoubleSound,609,-6,3.7834,0.8272,0.415,0.243142789,0.170758262,0.003587476,0.582511473,Single,0.582511473,0.43,0.81,0.23,0.37,0.41,0.01,0.08,9,0,0,0,2,5,0,0,0,0,0,TRUE,NA
PSIC102110Loc_DoubleSound,903,-6,9.0133,0.3217,0.1534,0.200924533,0.581743354,0.048107081,0.169225032,Average,0.581743354,0.58,0.59,0.38,0.37,0.63,0,0.03,9,0,0,0,0,0,0,6,0,0,0,TRUE,NA
PSIC111710Loc_DoubleSound,903,24,25.2326,0.5262,0.8289,0.152820437,0.265327157,0.000379942,0.581472464,Single,0.581472464,0.56,0.19,0.31,0.22,0.59,0,0,24,0,0,0,0,3,3,5,0,0,0,TRUE,NA
YKIC140219Loc_DoubleSound,609,6,16.7408,0.7401,0.2339,0.577485457,0.230000909,0.000112341,0.192401293,Mixture,0.577485457,0.42,0.68,0.35,0.42,0.39,0,0,12,0,0,1,5,6,1,0,0,0,0,TRUE,2
YKIC140219Loc_DoubleSound,1100,6,21.585,0.1406,0.2335,0.572130849,0.121761927,0.000387813,0.305719411,Mixture,0.572130849,0.51,0.81,0.26,0.39,0.51,0,0,12,0,0,0,2,4,4,1,1,0,0,TRUE,2
PSIC092710Loc_DoubleSound,903,-6,11.9901,0.4396,0.4872,0.230242581,0.571825258,0.03926107,0.158671091,Average,0.571825258,0.48,0.57,0.32,0.34,0.47,0,0,11,0,0,0,0,6,2,0,0,0,0,TRUE,NA
YKIC140516Loc_DoubleSound,500,6,4.524,0.8228,0.4412,0.571218504,0.238858615,0.007674259,0.182248621,Mixture,0.571218504,0.52,0.57,0.32,0.27,0.54,0.01,0.07,9,0,0,1,0,3,3,2,0,0,0,TRUE,1
PSIC110910Loc_DoubleSound,1100,-6,24.3947,0.84,0.4243,0.281929291,0.069871392,0.078073938,0.570125379,Single,0.570125379,0.35,0.21,0.37,0.24,0.28,0,0,9,0,1,1,3,0,0,0,0,0,0,TRUE,NA
YKIC140603Loc_DoubleSound,500,-24,5.0987,0.7236,0.2205,0.566472505,0.165774519,0.05881686,0.208936117,Mixture,0.566472505,0.4,0.35,0.36,0.33,0.34,0.02,0.04,6,0,0,0,4,3,0,0,0,0,0,TRUE,1
PSIC090910Loc_DoubleSound,903,-24,9.766,0.1946,0.7891,0.566303885,0.372237031,0.006393174,0.05506591,Mixture,0.566303885,0.54,0.5,0.32,0.34,0.56,0.01,0.1,15,0,0,0,0,3,13,1,0,0,0,TRUE,NA
PSIC031711Loc_DoubleSound,1100,-6,9.3092,0.7521,0.3583,0.266788633,0.167328126,0.002501916,0.563381326,Single,0.563381326,0.38,0.21,0.36,0.26,0.33,0,0.02,14,0,0,1,4,1,0,0,0,0,0,TRUE,NA
YKIC090911_1Loc_DoubleSound,1100,6,5.5452,0.4309,0.4284,0.216580158,0.214232254,0.006873413,0.562314175,Single,0.562314175,0.39,0.85,0.2,0.38,0.36,0.02,0.08,5,0,0,1,5,2,0,0,0,0,0,TRUE,NA
YKIC113011Loc_DoubleSound,500,24,18.7938,0.727,0.1451,0.291517393,0.133981224,0.012221536,0.562279846,Single,0.562279846,0.42,0.17,0.39,0.36,0.35,0.01,0,6,0,3,0,1,0,0,0,1,1,0,TRUE,NA
YKIC110211_1Loc_DoubleSound,1100,-6,12.6264,0.174,0.1144,0.219891058,0.175551462,0.0424842,0.56207328,Single,0.56207328,0.39,0.86,0.2,0.38,0.35,0.03,0.01,5,0,0,2,3,3,0,0,0,0,0,TRUE,NA
PSIC111810Loc_DoubleSound,903,-24,8.3138,0.5024,0.4138,0.239960323,0.195913569,0.002254377,0.561871731,Single,0.561871731,0.57,0.25,0.38,0.24,0.61,0,0.01,7,0,0,0,0,2,1,3,1,0,0,TRUE,NA
PSIC092110Loc_DoubleSound,1100,-6,14.5618,0.1919,0.2307,0.273443649,0.560817514,0.021539653,0.144199184,Average,0.560817514,0.57,0.53,0.4,0.4,0.6,0,0,15,0,0,0,0,0,3,9,0,0,0,TRUE,NA
YKIC113011Loc_DoubleSound,903,24,46.5023,0.111,0.1451,0.21957583,0.182125797,0.038432277,0.559866096,Single,0.559866096,0.37,0.14,0.4,0.22,0.31,0,0,7,0,0,4,1,3,0,0,0,0,0,TRUE,NA
PSIC091710Loc_DoubleSound,903,-24,21.1911,0.3338,0.2358,0.559027762,0.367380882,0.000952561,0.072638794,Mixture,0.559027762,0.43,0.48,0.38,0.33,0.4,0,0,21,0,0,0,2,7,2,0,0,0,0,TRUE,NA
YKIC140226Loc_DoubleSound,500,6,37.8055,0.1841,0.4033,0.558388531,0.10627765,0.000560041,0.334773777,Mixture,0.558388531,0.37,0.84,0.25,0.38,0.31,0,0,13,0,1,6,5,4,4,0,0,0,0,TRUE,1
PSIC042011Loc_DoubleSound,1100,24,6.3715,0.1995,0.1785,0.246367723,0.166238787,0.033526133,0.553867357,Single,0.553867357,0.37,0.82,0.21,0.36,0.31,0.02,0.09,5,0,0,3,2,1,0,0,0,0,0,TRUE,NA
YKIC110411_1Loc_DoubleSound,500,-24,59.3027,0.7025,0.3725,0.552113477,0.447400247,8.15E-08,0.000486195,Mixture,0.552113477,0.5,0.81,0.28,0.34,0.51,0,0,14,0,0,2,5,4,7,3,1,0,0,TRUE,NA
YKIC090811Loc_DoubleSound,500,-24,13.2896,0.1565,0.1704,0.185144895,0.551829288,8.24E-05,0.262943383,Average,0.551829288,0.37,0.85,0.23,0.37,0.32,0.01,0,5,0,0,4,5,3,0,0,0,0,0,TRUE,NA
PSIC111210Loc_DoubleSound,903,24,10.3105,0.6776,0.5633,0.297530438,0.551155252,0.004800963,0.146513347,Average,0.551155252,0.61,0.55,0.38,0.31,0.65,0.01,0,8,0,0,0,0,0,1,9,0,0,0,TRUE,NA
YKIC092311_1Loc_DoubleSound,1100,-6,47.8326,0.4328,0.4299,0.183164795,0.162355158,0.106419227,0.54806082,Single,0.54806082,0.33,0.89,0.19,0.39,0.26,0.01,0,5,0,0,8,2,0,0,1,0,0,0,TRUE,NA
PSIC090710Loc_DoubleSound,500,6,13.564,0.2357,0.8735,0.120810241,0.546602069,0.000127189,0.332460501,Average,0.546602069,0.56,0.72,0.29,0.41,0.59,0,0,11,0,0,0,0,2,5,5,0,0,0,TRUE,NA
YKIC140226Loc_DoubleSound,500,-6,7.3101,0.3574,0.168,0.54478089,0.259118031,0.001221139,0.19487994,Mixture,0.54478089,0.44,0.59,0.34,0.34,0.39,0,0,19,0,0,2,5,8,3,1,0,0,0,TRUE,1
PSIC092910Loc_DoubleSound,1100,-6,18.898,0.4286,0.5196,0.311637982,0.542203938,0.039541162,0.106616918,Average,0.542203938,0.4,0.64,0.35,0.37,0.36,0,0,5,0,0,3,2,2,2,0,0,0,0,TRUE,NA
YKIC110211_1Loc_DoubleSound,1100,-24,4.7689,0.426,0.4379,0.267160895,0.190214252,0.000470317,0.542154535,Single,0.542154535,0.48,0.2,0.35,0.26,0.48,0.03,0.09,10,0,0,0,1,6,4,0,0,0,0,TRUE,NA
YKIC111111_2Loc_DoubleSound,500,-6,13.0401,0.1147,0.3313,0.221938227,0.228308797,0.007951806,0.541801169,Single,0.541801169,0.46,0.83,0.22,0.34,0.47,0,0,7,0,0,0,2,2,3,0,0,0,0,TRUE,NA
PSIC090910Loc_DoubleSound,609,6,16.8541,0.8584,0.3442,0.184218731,0.161761626,0.117005835,0.537013808,Single,0.537013808,0.52,0.19,0.34,0.26,0.54,0,0,23,0,0,0,2,5,8,4,0,0,0,TRUE,NA
YKIC140516Loc_DoubleSound,500,-6,6.2478,0.7435,0.5025,0.078121539,0.536821593,0.005134928,0.37992194,Average,0.536821593,0.53,0.75,0.29,0.4,0.55,0.03,0.09,7,0,0,0,1,4,10,2,0,0,0,TRUE,2
YKIC093011Loc_DoubleSound,500,-24,11.4122,0.1247,0.4971,0.152048131,0.534481502,0.055047537,0.25842283,Average,0.534481502,0.55,0.62,0.34,0.38,0.58,0,0,7,0,0,0,0,3,10,3,0,0,0,TRUE,NA
PSIC092710Loc_DoubleSound,1100,-24,50.7485,0.4362,0.3226,0.169975107,0.293903652,0.001717298,0.534403943,Single,0.534403943,0.52,0.11,0.46,0.18,0.54,0,0,23,0,0,0,0,5,7,2,0,0,0,TRUE,NA
YKIC102811_1Loc_DoubleSound,609,-6,86.5256,0.4907,0.7571,0.178440275,0.128374779,0.161604816,0.53158013,Single,0.53158013,0.23,0.89,0.22,0.38,0.14,0,0,7,0,8,2,1,0,0,0,0,0,0,TRUE,NA
PSIC090810Loc_DoubleSound,1100,-6,6.3304,0.4344,0.1166,0.152161605,0.531574389,0.071267696,0.24499631,Average,0.531574389,0.56,0.44,0.4,0.34,0.61,0.02,0.08,5,0,0,0,0,0,6,3,0,0,0,TRUE,NA
YKIC140128Loc_DoubleSound,500,24,20.5444,0.2495,0.6044,0.530009138,0.448672959,0.004224472,0.017093431,Mixture,0.530009138,0.62,0.44,0.37,0.33,0.71,0.01,0.02,17,0,0,0,1,0,1,9,5,0,0,TRUE,2
YKIC102811_1Loc_DoubleSound,903,24,53.2598,0.6157,0.6489,0.158075143,0.174316133,0.13904123,0.528567495,Single,0.528567495,0.3,0.09,0.35,0.18,0.26,0,0,10,0,0,11,3,0,0,0,0,0,0,TRUE,NA
YKIC141009Loc_DoubleSound,1632,-24,3.7242,0.2198,0.2277,0.201870253,0.528543536,0.057089784,0.212496428,Average,0.528543536,0.57,0.5,0.38,0.32,0.62,0.01,0.01,6,0,0,0,1,0,2,4,1,0,0,TRUE,1
PSIC111510Loc_DoubleSound,903,-24,4.0062,0.436,0.1287,0.132606741,0.526940646,0.009032127,0.331420485,Average,0.526940646,0.51,0.25,0.34,0.27,0.52,0.04,0.02,5,0,0,0,3,3,5,3,0,0,0,TRUE,NA
YKIC140603Loc_DoubleSound,1632,-6,5.9949,0.3211,0.4132,0.242639728,0.525987654,0.007746009,0.22362661,Average,0.525987654,0.47,0.31,0.39,0.31,0.45,0.01,0.01,9,0,0,0,3,6,5,0,0,0,0,TRUE,1
YKIC100111Loc_DoubleSound,500,-6,21.0769,0.7233,0.3178,0.131217667,0.525924424,0.073387786,0.269470123,Average,0.525924424,0.64,0.3,0.4,0.24,0.71,0,0,6,0,0,0,0,0,1,3,2,0,0,TRUE,NA
YKIC140529Loc_DoubleSound,500,6,15.1658,0.1197,0.2385,0.201109959,0.272558104,0.000410513,0.525921424,Single,0.525921424,0.47,0.78,0.27,0.46,0.47,0,0,7,0,0,0,1,4,3,0,0,0,0,TRUE,1
YKIC102811Loc_DoubleSound,500,24,5.4999,0.386,0.4437,0.349199736,0.523346656,0.013151608,0.114302,Average,0.523346656,0.73,0.46,0.34,0.37,0.87,0,0,11,0,0,0,0,1,1,2,7,7,0,TRUE,NA
YKIC140603Loc_DoubleSound,500,-6,17.5756,0.3211,0.4167,0.522354348,0.363451617,0.01920645,0.094987584,Mixture,0.522354348,0.43,0.38,0.37,0.33,0.38,0,0,8,0,0,1,1,6,0,0,0,0,0,TRUE,1
YKIC102811_1Loc_DoubleSound,903,-6,94.7479,0.6014,0.7553,0.193337946,0.134080407,0.151326488,0.52125516,Single,0.52125516,0.4,0.87,0.19,0.42,0.36,0,0,10,0,0,3,3,2,1,0,0,0,0,TRUE,NA
PSIC111210Loc_DoubleSound,1100,6,6.4638,0.1173,0.439,0.208905383,0.268991945,0.00119051,0.520912163,Single,0.520912163,0.54,0.22,0.48,0.32,0.57,0.02,0.03,7,0,0,0,0,3,2,2,0,0,0,TRUE,NA
YKIC113011Loc_DoubleSound,609,-6,22.0699,0.2191,0.321,0.520825168,0.254910987,0.000248532,0.224015314,Mixture,0.520825168,0.44,0.75,0.32,0.32,0.42,0.01,0,6,0,0,3,2,1,2,2,0,0,0,TRUE,NA
PSIC102210Loc_DoubleSound,609,6,6.6089,0.4228,0.4393,0.122963338,0.520498103,0.090621024,0.265917535,Average,0.520498103,0.64,0.55,0.39,0.41,0.73,0.02,0,5,0,0,0,0,0,0,4,3,0,0,TRUE,NA
PSIC091410Loc_DoubleSound,903,-24,4.6911,0.2078,0.5707,0.129474414,0.267784696,0.082556531,0.520184359,Single,0.520184359,0.61,0.76,0.29,0.33,0.65,0,0.18,24,0,0,0,0,1,11,22,0,0,0,TRUE,NA
YKIC080511Loc_DoubleSound,903,-6,13.3481,0.3281,0.3259,0.250276452,0.222219608,0.007640523,0.519863417,Single,0.519863417,0.38,0.76,0.26,0.39,0.32,0.01,0,8,0,0,1,3,1,0,0,0,0,0,TRUE,NA
PSIC090910Loc_DoubleSound,500,6,6.71,0.8928,0.3485,0.204026812,0.514065875,0.027953752,0.253953561,Average,0.514065875,0.53,0.5,0.33,0.38,0.52,0,0.05,15,0,0,0,0,0,9,0,0,0,0,TRUE,NA
YKIC090911_1Loc_DoubleSound,609,6,4.1241,0.1758,0.4346,0.513788635,0.162408045,0.072989235,0.250814085,Mixture,0.513788635,0.56,0.62,0.35,0.34,0.58,0.01,0.02,5,0,0,0,0,2,4,4,0,0,0,TRUE,NA
YKIC082611_1Loc_DoubleSound,500,24,14.9572,0.4284,0.4251,0.173744366,0.137549666,0.175701241,0.513004727,Single,0.513004727,0.49,0.9,0.21,0.56,0.49,0,0,12,0,0,0,4,6,6,2,1,0,0,TRUE,NA
YKIC110211_1Loc_DoubleSound,500,24,4.8993,0.147,0.7289,0.243241047,0.243168086,0.000756504,0.512834363,Single,0.512834363,0.56,0.32,0.42,0.29,0.61,0.04,0.18,6,0,0,0,0,1,4,2,0,0,0,TRUE,NA
PSIC091510Loc_DoubleSound,903,24,6.5441,0.3801,0.138,0.512264394,0.21150336,0.001213054,0.275019192,Mixture,0.512264394,0.44,0.63,0.3,0.33,0.41,0,0.06,14,0,0,0,2,10,0,0,0,0,0,TRUE,NA
PSIC102210Loc_DoubleSound,1100,-24,14.6168,0.5746,0.2417,0.512187476,0.32603043,0.031800777,0.129981317,Mixture,0.512187476,0.56,0.64,0.35,0.31,0.59,0,0,8,0,0,0,1,2,0,2,2,0,0,TRUE,NA
YKIC080411Loc_DoubleSound,903,6,29.4269,0.3267,0.3432,0.253122414,0.204992465,0.032719565,0.509165556,Single,0.509165556,0.37,0.74,0.23,0.36,0.3,0,0,8,0,0,4,0,0,1,0,0,0,0,TRUE,NA
PSIC091710Loc_DoubleSound,1100,-6,13.0869,0.44,0.2401,0.508566894,0.44190581,0.0023366,0.047190696,Mixture,0.508566894,0.52,0.57,0.29,0.32,0.56,0.03,0.06,10,0,0,0,1,1,11,0,0,0,0,TRUE,NA
PSIC100610Loc_DoubleSound,1100,6,10.599,0.293,0.5653,0.508050988,0.392164664,0.005380503,0.094403846,Mixture,0.508050988,0.44,0.66,0.32,0.38,0.4,0.01,0,8,0,0,0,4,4,2,0,0,0,0,TRUE,NA
YKIC082411Loc_DoubleSound,500,-24,5.7454,0.2215,0.3355,0.505178561,0.213004215,0.044567815,0.23724941,Mixture,0.505178561,0.49,0.32,0.36,0.34,0.48,0.02,0.04,6,0,0,0,3,4,12,0,0,0,0,TRUE,NA
YKIC110211_1Loc_DoubleSound,609,24,4.8071,0.5616,0.7284,0.190994999,0.303216553,0.000794095,0.504994353,Single,0.504994353,0.53,0.16,0.37,0.27,0.55,0.01,0.1,6,0,0,0,0,3,3,2,0,0,0,TRUE,NA
YKIC082611_1Loc_DoubleSound,903,24,16.0155,0.8132,0.4298,0.179146781,0.177204685,0.139129545,0.504518989,Single,0.504518989,0.85,0.76,0.55,0.62,0.97,0,0,12,0,0,0,0,0,0,0,1,4,8,TRUE,NA
YKIC080511Loc_DoubleSound,903,-24,8.8523,0.5612,0.6222,0.13071253,0.034535939,0.503558798,0.331192734,Outside,0.503558798,0.39,0.84,0.23,0.34,0.34,0.01,0.05,8,0,0,5,0,1,2,0,0,0,0,TRUE,NA
PSIC111610Loc_DoubleSound,1100,24,22.4526,0.2219,0.4394,0.247996673,0.14012226,0.108767799,0.503113268,Single,0.503113268,0.41,0.19,0.31,0.19,0.36,0.01,0,6,0,0,2,1,1,1,0,0,0,0,TRUE,NA
PSIC101410Loc_DoubleSound,903,24,8.8721,0.1652,0.7883,0.502495775,0.268241376,0.037475494,0.191787355,Mixture,0.502495775,0.41,0.53,0.31,0.3,0.35,0,0.06,19,0,0,0,5,3,0,0,0,0,0,TRUE,NA
YKIC072711Loc_DoubleSound,903,6,27.9907,0.4287,0.6218,0.137078725,0.500523923,0.008164173,0.35423318,Average,0.500523923,0.51,0.85,0.21,0.44,0.52,0,0,5,0,0,0,0,3,4,1,0,0,0,TRUE,NA
YKIC140516Loc_DoubleSound,500,6,9.75,0.1488,0.8674,0.139002736,0.499942761,0.073965119,0.287089385,Average,0.499942761,0.55,0.3,0.38,0.29,0.56,0,0.01,9,0,0,0,0,1,4,4,0,0,0,TRUE,2
PSIC093010Loc_DoubleSound,903,24,8.6323,0.3345,0.2228,0.216162397,0.283193374,0.001083103,0.499561126,Single,0.499561126,0.5,0.23,0.4,0.27,0.5,0.01,0.02,6,0,0,0,1,1,4,0,0,0,0,TRUE,NA
YKIC100511_1Loc_DoubleSound,609,6,4.5396,0.1662,0.609,0.17399503,0.327250763,0.000940096,0.497814111,Single,0.497814111,0.48,0.29,0.34,0.31,0.48,0.03,0.11,5,0,0,0,2,8,8,0,0,0,0,TRUE,NA
YKIC102711Loc_DoubleSound,1100,-6,51.4114,0.2129,0.1351,0.131484876,0.097347965,0.273469974,0.497697185,Single,0.497697185,0.26,0.93,0.19,0.32,0.2,0,0,6,0,7,7,3,1,0,0,0,0,0,TRUE,NA
YKIC111011_2Loc_DoubleSound,500,-24,10.0035,0.4233,0.5702,0.2822002,0.220041628,0.000347121,0.497411051,Single,0.497411051,0.46,0.78,0.21,0.34,0.43,0.01,0.08,8,0,0,0,3,6,2,0,0,0,0,TRUE,NA
YKIC111011_1Loc_DoubleSound,500,-6,10.4071,0.1611,0.3087,0.157368274,0.227395036,0.119329521,0.495907169,Single,0.495907169,0.38,0.29,0.34,0.28,0.31,0,0.04,8,0,0,3,3,5,0,0,0,0,0,TRUE,NA
YKIC111111_3Loc_DoubleSound,1100,-6,9.8193,0.117,0.3697,0.241522485,0.16749652,0.097510745,0.49347025,Single,0.49347025,0.32,0.8,0.21,0.37,0.22,0,0,7,0,0,4,1,0,0,0,0,0,0,TRUE,NA
YKIC090911_1Loc_DoubleSound,1100,24,19.6741,0.1481,0.4326,0.234095576,0.264602705,0.007946483,0.493355236,Single,0.493355236,0.46,0.83,0.22,0.33,0.44,0,0,5,0,0,0,3,3,1,1,0,0,0,TRUE,NA
YKIC141009Loc_DoubleSound,500,-6,8.2225,0.3524,0.5016,0.174452054,0.49242883,0.054693777,0.278425339,Average,0.49242883,0.59,0.33,0.37,0.3,0.62,0.01,0.02,9,0,0,0,1,1,4,7,1,0,0,TRUE,1
PSIC042011Loc_DoubleSound,1100,6,6.8678,0.3224,0.1713,0.341026762,0.491302955,0.03554363,0.132126653,Average,0.491302955,0.56,0.56,0.33,0.35,0.62,0.02,0.09,5,0,0,0,0,1,3,6,0,0,0,TRUE,NA
YKIC110411_3Loc_DoubleSound,1100,-24,3.6898,0.3201,0.4351,0.136899618,0.051441639,0.489531076,0.322127666,Outside,0.489531076,0.44,0.82,0.21,0.42,0.42,0.01,0.05,5,0,0,0,3,3,1,0,0,0,0,TRUE,NA
PSIC111510Loc_DoubleSound,609,-6,6.9064,0.323,0.7351,0.141560755,0.487811465,0.003088943,0.367538836,Average,0.487811465,0.57,0.54,0.34,0.42,0.6,0,0.01,9,0,0,0,0,0,7,3,0,0,0,TRUE,NA
YKIC100711Loc_DoubleSound,609,-6,6.5653,0.4238,0.3171,0.275140533,0.486424644,0.041695032,0.196739791,Average,0.486424644,0.68,0.59,0.34,0.38,0.75,0,0,7,0,0,0,0,0,0,7,6,0,0,TRUE,NA
YKIC102711Loc_DoubleSound,903,24,31.9057,0.4275,0.3201,0.14904215,0.063798466,0.484554132,0.302605251,Outside,0.484554132,0.34,0.19,0.34,0.22,0.28,0,0,9,0,0,3,1,1,0,0,0,0,0,TRUE,NA
YKIC111011_2Loc_DoubleSound,500,-6,4.305,0.435,0.5631,0.263467332,0.2522522,0.000549267,0.483731201,Single,0.483731201,0.43,0.68,0.33,0.42,0.39,0,0.03,5,0,0,1,3,3,0,1,0,0,0,TRUE,NA
YKIC111011_2Loc_DoubleSound,1100,6,3.0111,0.4301,0.3285,0.188711085,0.324899919,0.004931865,0.481457131,Single,0.481457131,0.51,0.25,0.37,0.24,0.51,0.03,0.14,5,0,0,0,0,4,5,0,0,0,0,TRUE,NA
PSIC090910Loc_DoubleSound,903,-6,15.0231,0.1307,0.2446,0.481277279,0.297003395,0.00250639,0.219212936,Mixture,0.481277279,0.49,0.38,0.39,0.36,0.48,0,0,13,0,0,0,1,3,3,0,0,0,0,TRUE,NA
YKIC102711Loc_DoubleSound,609,-6,62.0892,0.3176,0.1415,0.154539955,0.067030831,0.297243799,0.481185415,Single,0.481185415,0.26,0.92,0.21,0.36,0.16,0,0,9,0,10,4,1,1,1,0,0,0,0,TRUE,NA
YKIC140516Loc_DoubleSound,500,24,6.8416,0.558,0.3348,0.170648615,0.201604238,0.148696388,0.479050759,Single,0.479050759,0.56,0.33,0.37,0.29,0.6,0,0,8,0,0,0,1,2,2,4,2,0,0,TRUE,1
YKIC111111_2Loc_DoubleSound,1100,-6,17.3838,0.5002,0.3455,0.235385391,0.214975514,0.070627821,0.479011274,Single,0.479011274,0.37,0.81,0.23,0.36,0.32,0.01,0,7,0,0,3,1,1,0,0,0,0,0,TRUE,NA
PSIC091010Loc_DoubleSound,609,24,3.375,0.4619,0.1433,0.478400412,0.130823366,0.083776125,0.307000097,Mixture,0.478400412,0.4,0.26,0.33,0.27,0.37,0.01,0.19,12,0,0,0,7,7,0,0,0,0,0,TRUE,NA
PSIC111910Loc_DoubleSound,609,-6,12.5276,0.5051,0.1968,0.4748848,0.398884638,0.000784956,0.125445606,Mixture,0.4748848,0.52,0.76,0.24,0.34,0.53,0,0,13,0,0,0,0,4,8,0,0,0,0,TRUE,NA
PSIC091510Loc_DoubleSound,903,-24,7.9659,0.29,0.7898,0.469585257,0.453933119,0.007478632,0.069002992,Mixture,0.469585257,0.48,0.35,0.45,0.4,0.46,0,0,19,0,0,0,0,14,7,0,0,0,0,TRUE,NA
YKIC140121Loc_DoubleSound,500,6,4.6131,0.4286,0.2037,0.467522968,0.152940427,0.071182605,0.308354001,Mixture,0.467522968,0.42,0.26,0.37,0.3,0.39,0,0,12,0,0,0,6,4,2,0,0,0,0,TRUE,1
PSIC091610Loc_DoubleSound,1100,-6,17.4605,0.4249,0.7593,0.464870677,0.132047176,0.000797765,0.402284381,Mixture,0.464870677,0.37,0.28,0.36,0.28,0.3,0.01,0,12,0,0,3,3,1,0,0,0,0,0,TRUE,NA
PSIC031711Loc_DoubleSound,903,-6,8.9506,0.2125,0.3687,0.208488781,0.463490195,0.068046087,0.259974937,Average,0.463490195,0.57,0.47,0.39,0.35,0.61,0.01,0.05,16,0,0,0,0,0,4,3,0,0,0,TRUE,NA
PSIC092110Loc_DoubleSound,609,24,3.3741,0.7478,0.1074,0.234665713,0.292674774,0.010337334,0.462322179,Single,0.462322179,0.56,0.54,0.31,0.34,0.6,0.01,0.24,14,0,0,0,0,0,8,1,0,0,0,TRUE,NA
YKIC110111_1Loc_DoubleSound,903,-6,91.7797,0.4277,0.6423,0.148878579,0.183063131,0.206258672,0.461799618,Single,0.461799618,0.55,0.9,0.11,0.48,0.6,0,0,5,0,0,0,0,6,1,2,3,0,0,TRUE,NA
YKIC111011Loc_DoubleSound,903,-6,37.8691,0.4304,0.4057,0.392953478,0.458743499,0.024895604,0.123407419,Average,0.458743499,0.68,0.25,0.47,0.41,0.78,0,0,10,0,0,0,1,0,0,0,1,1,2,TRUE,NA
YKIC102711Loc_DoubleSound,500,-6,41.3908,0.2197,0.1307,0.192106644,0.153200981,0.196105084,0.458587291,Single,0.458587291,0.36,0.84,0.18,0.38,0.31,0,0,6,0,0,2,5,0,0,0,0,0,0,TRUE,NA
YKIC090111_1Loc_DoubleSound,1100,-24,92.4182,0.7118,0.2221,0.206439597,0.222941155,0.113013565,0.457605683,Single,0.457605683,0.37,0.8,0.23,0.39,0.29,0,0,6,0,4,0,0,0,1,1,0,0,0,TRUE,NA
YKIC110211_1Loc_DoubleSound,903,24,15.9007,0.6291,0.7283,0.165320112,0.377429452,0.001072169,0.456178267,Single,0.456178267,0.49,0.13,0.4,0.23,0.48,0.01,0.01,6,0,0,0,4,5,2,3,0,0,0,TRUE,NA
YKIC111011Loc_DoubleSound,609,-6,5.8358,0.3343,0.3979,0.455993644,0.259116786,0.051996628,0.232892942,Mixture,0.455993644,0.5,0.3,0.4,0.3,0.5,0,0,9,0,0,0,1,3,3,1,0,0,0,TRUE,NA
YKIC140528Loc_DoubleSound,500,-6,5.133,0.5499,0.533,0.169731607,0.268303394,0.106135694,0.455829305,Single,0.455829305,0.59,0.32,0.4,0.3,0.65,0,0,14,0,0,0,0,3,4,8,0,0,0,TRUE,1
YKIC102811Loc_DoubleSound,609,-6,4.524,0.5046,0.7509,0.215028602,0.197783115,0.133789953,0.453398329,Single,0.453398329,0.48,0.29,0.38,0.27,0.48,0.05,0.16,7,0,0,0,2,5,4,0,0,0,0,TRUE,NA
YKIC131213Loc_DoubleSound,500,6,20.0135,0.4275,0.5964,0.40154667,0.143068533,0.002596914,0.452787883,Single,0.452787883,0.48,0.71,0.26,0.4,0.48,0,0,5,0,0,0,1,2,2,0,0,0,0,TRUE,1
PSIC100710Loc_DoubleSound,903,6,3.9476,0.2186,0.1786,0.212330251,0.450042873,0.011970471,0.325656405,Average,0.450042873,0.52,0.54,0.4,0.43,0.54,0.06,0.07,5,0,0,0,1,0,7,1,0,0,0,TRUE,NA
YKIC111011_1Loc_DoubleSound,609,-6,3.3067,0.1723,0.3164,0.13514522,0.070010827,0.449911053,0.3449329,Outside,0.449911053,0.52,0.24,0.41,0.26,0.55,0.01,0.2,9,0,0,0,0,2,6,0,0,0,0,TRUE,NA
PSIC090810Loc_DoubleSound,500,24,4.0008,0.5623,0.157,0.290163215,0.448246622,0.055514463,0.2060757,Average,0.448246622,0.44,0.37,0.32,0.29,0.43,0,0.03,8,0,0,0,3,7,0,0,0,0,0,TRUE,NA
YKIC111011_1Loc_DoubleSound,500,6,10.6493,0.6679,0.5259,0.195664026,0.219751868,0.139840017,0.444744089,Single,0.444744089,0.45,0.27,0.34,0.26,0.42,0.01,0.04,7,0,0,0,2,6,0,1,0,0,0,TRUE,NA
PSIC101410Loc_DoubleSound,609,6,14.5001,0.4965,0.1799,0.216885641,0.155986617,0.182485408,0.444642334,Single,0.444642334,0.46,0.29,0.38,0.29,0.45,0,0,13,0,0,0,2,1,3,0,0,0,0,TRUE,NA
PSIC111910Loc_DoubleSound,903,-6,14.1001,0.1051,0.1946,0.444526287,0.406632241,0.029067165,0.119774306,Mixture,0.444526287,0.62,0.67,0.34,0.41,0.69,0,0,14,0,0,0,0,0,2,2,3,0,0,TRUE,NA
PSIC092110Loc_DoubleSound,609,6,20.4839,0.8001,0.5719,0.272546065,0.444481149,0.04182556,0.241147226,Average,0.444481149,0.5,0.29,0.34,0.3,0.52,0,0,18,0,0,0,0,6,8,0,0,0,0,TRUE,NA
PSIC111210Loc_DoubleSound,1100,24,19.3543,0.1421,0.5658,0.443877064,0.330778061,6.41E-05,0.225280804,Mixture,0.443877064,0.7,0.43,0.32,0.21,0.81,0,0,8,0,0,0,0,0,0,3,4,1,0,TRUE,NA
PSIC091510Loc_DoubleSound,1100,24,7.8505,0.2393,0.1485,0.212986856,0.442761148,0.000255849,0.343996147,Average,0.442761148,0.57,0.31,0.34,0.28,0.61,0,0,14,0,0,0,0,3,12,8,1,0,0,TRUE,NA
YKIC072811Loc_DoubleSound,1100,6,6.1399,0.1685,0.1665,0.253333971,0.032307799,0.440719519,0.273638711,Outside,0.440719519,0.45,0.89,0.19,0.36,0.44,0,0,8,0,0,5,0,2,3,1,1,0,0,TRUE,NA
YKIC140528Loc_DoubleSound,1632,6,3.6445,0.2439,0.5904,0.354784337,0.203285237,0.001342469,0.440587958,Single,0.440587958,0.5,0.45,0.29,0.32,0.51,0,0,11,0,0,0,2,1,3,1,0,0,0,TRUE,1
YKIC082611_1Loc_DoubleSound,1100,6,15.7083,0.4332,0.3554,0.137284598,0.087519019,0.336654146,0.438542237,Single,0.438542237,0.42,0.88,0.2,0.38,0.41,0,0,12,0,0,0,6,4,1,1,0,0,0,TRUE,NA
YKIC140219Loc_DoubleSound,1100,-24,5.8272,0.5175,0.3645,0.200560888,0.360870036,0.001532067,0.437037009,Single,0.437037009,0.48,0.41,0.36,0.32,0.45,0,0.04,13,0,0,0,5,2,9,1,0,0,0,TRUE,2
PSIC091410Loc_DoubleSound,609,6,6.1871,0.1646,0.3186,0.080562441,0.434298702,0.066196828,0.418942028,Average,0.434298702,0.63,0.48,0.39,0.36,0.69,0.01,0.31,24,0,0,0,0,0,0,24,0,0,0,TRUE,NA
PSIC111010Loc_DoubleSound,609,6,3.6474,0.4193,0.1923,0.230433295,0.189418988,0.146227178,0.433920539,Single,0.433920539,0.56,0.43,0.38,0.34,0.59,0,0,10,0,0,0,0,1,9,0,0,0,0,TRUE,NA
PSIC091310Loc_DoubleSound,500,6,11.9231,0.3402,0.4436,0.433162281,0.167103343,7.51E-05,0.399659303,Mixture,0.433162281,0.4,0.71,0.32,0.36,0.35,0,0,16,0,0,4,4,6,2,0,0,0,0,TRUE,NA
PSIC091410Loc_DoubleSound,1100,6,9.4633,0.4112,0.3222,0.308310088,0.432077969,0.027804727,0.231807215,Average,0.432077969,0.58,0.51,0.37,0.41,0.61,0.01,0.05,25,0,0,0,0,1,13,5,0,0,0,TRUE,NA
PSIC100810Loc_DoubleSound,500,6,5.0743,0.3054,0.1043,0.31392853,0.431067784,0.039696592,0.215307093,Average,0.431067784,0.52,0.51,0.36,0.36,0.53,0.01,0.07,14,0,0,0,0,2,6,0,0,0,0,TRUE,NA
PSIC100510Loc_DoubleSound,903,24,7.7208,0.7323,0.5588,0.18776756,0.429020548,0.097436883,0.285775008,Average,0.429020548,0.61,0.48,0.39,0.36,0.67,0.01,0.06,6,0,0,0,0,0,1,6,0,0,0,TRUE,NA
PSIC091310Loc_DoubleSound,1100,-6,9.2555,0.2747,0.8015,0.1953867,0.37069539,0.005207921,0.428709989,Single,0.428709989,0.61,0.35,0.43,0.3,0.68,0.01,0.07,13,0,0,0,0,0,1,6,0,0,0,TRUE,NA
YKIC110411_3Loc_DoubleSound,609,-24,8.2317,0.1687,0.4369,0.363546309,0.207702483,0.001314303,0.427436905,Single,0.427436905,0.48,0.74,0.27,0.38,0.45,0.01,0.03,5,0,0,0,3,0,2,1,0,0,0,TRUE,NA
YKIC110311Loc_DoubleSound,500,24,4.0388,0.6099,0.1841,0.426696502,0.025132781,0.195874274,0.352296444,Mixture,0.426696502,0.37,0.14,0.32,0.22,0.36,0.01,0.03,17,0,0,8,8,10,0,0,0,0,0,TRUE,NA
PSIC092410Loc_DoubleSound,903,24,11.8184,0.7003,0.3197,0.426014438,0.30885541,0.005962997,0.259167155,Mixture,0.426014438,0.37,0.58,0.3,0.33,0.29,0.01,0.01,7,0,0,2,3,0,0,0,0,0,0,TRUE,NA
PSIC092910Loc_DoubleSound,903,24,6.1238,0.1635,0.2749,0.150438462,0.424178396,0.003489136,0.421894006,Average,0.424178396,0.54,0.33,0.39,0.32,0.57,0,0.16,13,0,0,0,0,0,11,0,0,0,0,TRUE,NA
YKIC140507Loc_DoubleSound,500,6,17.9097,0.4281,0.6604,0.421087474,0.370421145,0.031881968,0.176609413,Mixture,0.421087474,0.76,0.31,0.38,0.27,0.9,0.01,0,10,0,0,0,0,0,1,1,1,6,2,TRUE,2
YKIC090811Loc_DoubleSound,609,-24,13.2624,0.1163,0.1747,0.219761514,0.35979806,0.000823199,0.419617227,Single,0.419617227,0.57,0.75,0.26,0.44,0.59,0.01,0,5,0,0,0,1,1,0,2,0,0,1,TRUE,NA
YKIC140528Loc_DoubleSound,500,6,20.9779,0.1655,0.1731,0.2554898,0.417123561,5.22E-05,0.327334468,Average,0.417123561,0.44,0.68,0.27,0.3,0.41,0,0,8,0,1,3,2,3,3,2,0,0,0,TRUE,2
YKIC080311Loc_DoubleSound,1100,6,5.1298,0.1469,0.8615,0.261325621,0.196795913,0.12601075,0.415867716,Single,0.415867716,0.48,0.67,0.32,0.4,0.48,0,0,9,0,0,2,0,0,2,1,0,0,0,TRUE,NA
PSIC092710Loc_DoubleSound,609,-6,4.2547,0.4229,0.4721,0.246938555,0.193144679,0.144393114,0.415523653,Single,0.415523653,0.44,0.64,0.29,0.33,0.42,0.02,0.18,10,0,0,0,3,4,1,0,0,0,0,TRUE,NA
PSIC091410Loc_DoubleSound,903,-6,4.6328,0.5094,0.4843,0.331582052,0.414832696,0.041354254,0.212230998,Average,0.414832696,0.55,0.56,0.4,0.35,0.58,0,0.08,15,0,0,0,0,1,11,0,0,0,0,TRUE,NA
YKIC072811Loc_DoubleSound,609,6,27.7132,0.6238,0.1605,0.116169429,0.069134212,0.413620845,0.401075513,Outside,0.413620845,0.37,0.91,0.17,0.38,0.31,0,0,8,0,0,7,7,0,0,0,0,1,0,TRUE,NA
PSIC092710Loc_DoubleSound,609,6,3.2311,0.2267,0.3552,0.286502887,0.294579411,0.00546273,0.413454972,Single,0.413454972,0.51,0.6,0.31,0.38,0.48,0,0,16,0,0,0,0,3,8,0,0,0,0,TRUE,NA
YKIC090911_1Loc_DoubleSound,1100,-24,90.6253,0.7165,0.1562,0.152886108,0.410219857,0.098031931,0.338862104,Average,0.410219857,0.41,0.81,0.19,0.41,0.36,0,0,6,0,0,3,0,2,1,0,0,0,0,TRUE,NA
PSIC102010Loc_DoubleSound,1100,24,3.2339,0.348,0.3391,0.182582539,0.20041743,0.207473234,0.409526797,Single,0.409526797,0.55,0.57,0.34,0.39,0.57,0,0.1,7,0,0,0,0,0,4,2,0,0,0,TRUE,NA
YKIC082511Loc_DoubleSound,1100,-24,12.3148,0.1631,0.1653,0.208674549,0.267274403,0.115639299,0.40841175,Single,0.40841175,0.45,0.87,0.23,0.33,0.43,0,0,5,0,0,0,7,1,2,0,0,0,1,TRUE,NA
YKIC080311Loc_DoubleSound,500,24,72.157,0.4434,0.1499,0.179441845,0.0477248,0.40836083,0.364472525,Outside,0.40836083,0.45,0.19,0.23,0.15,0.4,0,0,5,0,0,4,0,0,0,0,0,0,1,TRUE,NA
YKIC081911Loc_DoubleSound,609,-6,10.2744,0.2071,0.2173,0.169461259,0.164206427,0.258145748,0.408186566,Single,0.408186566,0.4,0.17,0.36,0.19,0.36,0,0,6,0,0,0,5,1,0,1,0,0,0,TRUE,NA
PSIC111210Loc_DoubleSound,903,-6,3.6668,0.218,0.201,0.280778968,0.406452784,0.08198758,0.230780668,Average,0.406452784,0.48,0.38,0.38,0.34,0.47,0.01,0.14,6,0,0,0,0,4,1,0,0,0,0,TRUE,NA
PSIC091710Loc_DoubleSound,609,6,9.6398,0.5059,0.7679,0.236599946,0.272399768,0.084993155,0.406007131,Single,0.406007131,0.51,0.37,0.37,0.34,0.51,0,0.08,17,0,0,0,0,2,12,0,0,0,0,TRUE,NA
YKIC072711Loc_DoubleSound,903,-6,49.9938,0.3211,0.3278,0.150052583,0.106472399,0.338961246,0.404513772,Single,0.404513772,0.27,0.88,0.2,0.33,0.19,0,0,7,0,3,5,1,0,0,0,0,0,0,TRUE,NA
PSIC111710Loc_DoubleSound,903,-24,68.9329,0.4494,0.2668,0.228921971,0.367227375,0.00055045,0.403300204,Single,0.403300204,0.43,0.12,0.45,0.29,0.4,0,0,21,0,0,4,5,2,4,3,0,0,0,TRUE,NA
PSIC092710Loc_DoubleSound,903,-24,15.5332,0.2349,0.328,0.364492156,0.232480193,0.000161235,0.402866416,Single,0.402866416,0.49,0.35,0.4,0.29,0.49,0,0.04,16,0,0,0,1,4,5,0,0,0,0,TRUE,NA
YKIC131213Loc_DoubleSound,1100,24,14.6133,0.2049,0.5441,0.401440979,0.398361754,4.86E-05,0.200148686,Mixture,0.401440979,0.54,0.73,0.31,0.43,0.57,0,0,7,0,0,0,0,4,6,2,0,0,0,TRUE,1
PSIC101510Loc_DoubleSound,1100,24,5.5328,0.7051,0.563,0.19314097,0.197911575,0.207643016,0.401304439,Single,0.401304439,0.5,0.69,0.3,0.38,0.51,0.01,0.1,8,0,0,0,0,2,3,0,0,0,0,TRUE,NA
YKIC111111_3Loc_DoubleSound,500,-6,12.4745,0.5268,0.3711,0.216584897,0.381985483,0.000340917,0.401088703,Single,0.401088703,0.61,0.67,0.32,0.38,0.68,0,0,7,0,0,0,0,1,3,1,0,2,0,TRUE,NA
PSIC092810Loc_DoubleSound,500,6,11.6197,0.6784,0.1992,0.383257409,0.397743311,0.04746093,0.171538349,Average,0.397743311,0.51,0.53,0.3,0.32,0.53,0,0,10,0,0,0,0,3,2,1,0,0,0,TRUE,NA
PSIC111610Loc_DoubleSound,609,24,7.3454,0.1538,0.4342,0.298615232,0.397723045,0.063921508,0.239740214,Average,0.397723045,0.49,0.49,0.33,0.32,0.49,0.01,0,8,0,0,0,1,2,4,0,0,0,0,TRUE,NA
YKIC140501Loc_DoubleSound,1632,-6,8.7294,0.6151,0.6065,0.395169618,0.027257129,0.210590415,0.366982839,Mixture,0.395169618,0.42,0.14,0.43,0.24,0.38,0,0,10,0,0,4,6,1,4,2,0,0,0,TRUE,1
PSIC102010Loc_DoubleSound,1100,6,3.5399,0.5658,0.5837,0.213533763,0.393623537,0.077804165,0.315038534,Average,0.393623537,0.45,0.72,0.29,0.38,0.43,0.02,0.25,8,0,0,0,1,8,1,0,0,0,0,TRUE,NA
PSIC102010Loc_DoubleSound,1100,-24,12.7788,0.4467,0.4642,0.171861635,0.308706105,0.126164891,0.393267369,Single,0.393267369,0.53,0.73,0.32,0.4,0.54,0,0,11,0,0,0,0,2,3,2,0,0,0,TRUE,NA
PSIC100610Loc_DoubleSound,609,6,14.0551,0.576,0.5698,0.169474971,0.286204116,0.152186273,0.39213464,Single,0.39213464,0.52,0.28,0.37,0.29,0.54,0,0,8,0,0,0,0,1,4,1,0,0,0,TRUE,NA
PSIC091510Loc_DoubleSound,609,6,13.3043,0.556,0.793,0.254564602,0.390471368,0.058076125,0.296887905,Average,0.390471368,0.51,0.37,0.37,0.35,0.52,0,0,18,0,0,0,0,3,10,0,0,0,0,TRUE,NA
PSIC092010Loc_DoubleSound,500,6,13.6564,0.5157,0.7589,0.259513651,0.220061996,0.130009732,0.390414621,Single,0.390414621,0.44,0.38,0.33,0.26,0.41,0,0.01,13,0,0,0,2,3,0,0,0,0,0,TRUE,NA
YKIC110111_1Loc_DoubleSound,1100,-6,94.6393,0.5616,0.6386,0.176128813,0.145534856,0.287958283,0.390378047,Single,0.390378047,0.36,0.83,0.18,0.38,0.27,0,0,8,0,0,5,0,0,0,1,0,0,0,TRUE,NA
PSIC102610Loc_DoubleSound,500,6,5.4313,0.6393,0.5059,0.318759771,0.288079865,0.004254332,0.388906032,Single,0.388906032,0.42,0.63,0.3,0.33,0.35,0,0,7,0,0,0,3,5,0,0,0,0,0,TRUE,NA
PSIC092910Loc_DoubleSound,609,6,5.9709,0.7569,0.3676,0.386784849,0.372996334,0.041106596,0.199112221,Mixture,0.386784849,0.53,0.58,0.32,0.37,0.54,0,0.02,17,0,0,0,0,1,6,0,0,0,0,TRUE,NA
PSIC100510Loc_DoubleSound,1100,24,9.6024,0.2457,0.5644,0.230843906,0.385615882,0.081535764,0.302004449,Average,0.385615882,0.62,0.6,0.35,0.34,0.67,0,0,12,0,0,0,0,0,1,5,1,0,0,TRUE,NA
PSIC100810Loc_DoubleSound,609,6,12.1909,0.7512,0.1028,0.191118105,0.311186243,0.112831052,0.3848646,Single,0.3848646,0.58,0.44,0.33,0.31,0.63,0,0.01,14,0,0,0,0,0,3,5,0,0,0,TRUE,NA
YKIC090811Loc_DoubleSound,903,-24,25.9314,0.695,0.1726,0.351057539,0.269171881,0.000386103,0.379384476,Single,0.379384476,0.48,0.87,0.27,0.41,0.46,0,0,5,0,0,3,1,5,1,2,2,0,0,TRUE,NA
PSIC093010Loc_DoubleSound,903,-6,8.7434,0.4285,0.8665,0.223982787,0.376481611,0.110263086,0.289272516,Average,0.376481611,0.5,0.48,0.38,0.36,0.5,0,0.01,5,0,0,0,0,2,3,0,0,0,0,TRUE,NA
YKIC100111Loc_DoubleSound,1100,24,12.0285,0.488,0.1225,0.271471148,0.239141605,0.113324554,0.376062693,Single,0.376062693,0.47,0.82,0.23,0.37,0.44,0,0,7,0,0,0,2,4,1,1,0,0,0,TRUE,NA
PSIC102210Loc_DoubleSound,1100,-6,5.8155,0.4319,0.1949,0.227257593,0.245570517,0.160530531,0.366641359,Single,0.366641359,0.53,0.67,0.31,0.34,0.55,0,0.03,5,0,0,0,1,0,3,1,0,0,0,TRUE,NA
PSIC092110Loc_DoubleSound,1100,24,6.9455,0.7869,0.102,0.359233171,0.275027661,0.001113348,0.36462582,Single,0.36462582,0.44,0.37,0.36,0.32,0.42,0.01,0.22,14,0,0,0,1,10,0,0,0,0,0,TRUE,NA
YKIC120211Loc_DoubleSound,609,6,3.6319,0.2218,0.1528,0.354861957,0.363808948,0.029908085,0.251421009,Average,0.363808948,0.53,0.53,0.33,0.35,0.56,0.02,0.18,6,0,0,0,0,2,5,0,0,0,0,TRUE,NA
PSIC092010Loc_DoubleSound,903,-6,3.632,0.825,0.6714,0.358433418,0.287477017,0.077691272,0.276398293,Mixture,0.358433418,0.52,0.45,0.32,0.34,0.52,0.01,0.13,9,0,0,0,0,0,6,0,0,0,0,TRUE,NA
PSIC101410Loc_DoubleSound,1100,24,6.8759,0.2463,0.787,0.288119693,0.35665752,0.024402266,0.330820521,Average,0.35665752,0.48,0.37,0.36,0.3,0.49,0.02,0.26,19,0,0,0,1,5,0,0,0,0,0,TRUE,NA
YKIC140603Loc_DoubleSound,500,6,15.1227,0.2013,0.2183,0.336900548,0.355628902,0.064269667,0.243200882,Average,0.355628902,0.56,0.29,0.46,0.34,0.59,0,0,6,0,0,0,0,1,2,4,0,0,0,TRUE,1
YKIC140121Loc_DoubleSound,1988,6,14.3599,0.3348,0.1947,0.353884315,0.266046223,0.059220636,0.320848826,Mixture,0.353884315,0.48,0.33,0.38,0.32,0.46,0,0,9,0,0,1,1,3,4,1,0,0,0,TRUE,1
PSIC102110Loc_DoubleSound,1100,24,6.1424,0.3225,0.1731,0.200731164,0.34556008,0.112884652,0.340824104,Average,0.34556008,0.53,0.63,0.34,0.37,0.54,0.01,0.09,5,0,0,0,0,0,5,0,0,0,0,TRUE,NA
PSIC092010Loc_DoubleSound,1100,24,8.8373,0.7561,0.338,0.333855759,0.305060171,0.076249361,0.284834708,Mixture,0.333855759,0.38,0.68,0.28,0.37,0.31,0,0,8,0,0,2,3,2,0,0,0,0,0,TRUE,NA